Date,Ethereum,Bitcoin
2015-08-07,2.83,278.74
2015-08-08,2.79,279.74
2015-08-09,0.706136,261.12
2015-08-10,0.713989,265.48
2015-08-11,0.708087,264.34
2015-08-12,1.06,270.60
2015-08-13,1.22,266.18
2015-08-14,1.81,264.13
2015-08-15,1.80,265.53
2015-08-16,1.68,261.87
2015-08-17,1.58,258.49
2015-08-18,1.22,257.93
2015-08-19,1.17,225.67
2015-08-20,1.25,226.90
2015-08-21,1.48,235.35
2015-08-22,1.40,232.66
2015-08-23,1.38,230.38
2015-08-24,1.35,228.11
2015-08-25,1.23,210.07
2015-08-26,1.13,222.08
2015-08-27,1.17,226.05
2015-08-28,1.15,224.70
2015-08-29,1.19,231.55
2015-08-30,1.18,229.90
2015-08-31,1.32,229.11
2015-09-01,1.35,230.26
2015-09-02,1.35,228.03
2015-09-03,1.30,229.32
2015-09-04,1.26,227.21
2015-09-05,1.28,230.20
2015-09-06,1.34,234.87
2015-09-07,1.30,239.93
2015-09-08,1.25,239.85
2015-09-09,1.24,243.41
2015-09-10,1.21,238.34
2015-09-11,1.16,238.33
2015-09-12,0.987228,239.85
2015-09-13,1.04,235.24
2015-09-14,0.940566,230.61
2015-09-15,0.875189,230.49
2015-09-16,0.941977,230.25
2015-09-17,0.906865,229.08
2015-09-18,0.874574,233.52
2015-09-19,0.849603,232.86
2015-09-20,0.881191,231.40
2015-09-21,0.941496,231.22
2015-09-22,0.919337,226.97
2015-09-23,0.903560,230.94
2015-09-24,0.896796,230.36
2015-09-25,0.820031,234.36
2015-09-26,0.737630,235.08
2015-09-27,0.791277,234.14
2015-09-28,0.723715,232.84
2015-09-29,0.579414,239.02
2015-09-30,0.661192,236.64
2015-10-01,0.734307,236.00
2015-10-02,0.683732,237.26
2015-10-03,0.678783,237.20
2015-10-04,0.686343,238.53
2015-10-05,0.666784,238.15
2015-10-06,0.622218,240.36
2015-10-07,0.650515,246.17
2015-10-08,0.609501,243.07
2015-10-09,0.655084,242.50
2015-10-10,0.641187,243.74
2015-10-11,0.627461,244.74
2015-10-12,0.634515,246.88
2015-10-13,0.627943,245.20
2015-10-14,0.612240,249.49
2015-10-15,0.523278,252.11
2015-10-16,0.562593,254.30
2015-10-17,0.534117,262.75
2015-10-18,0.547913,270.91
2015-10-19,0.517621,261.86
2015-10-20,0.489629,263.57
2015-10-21,0.431589,269.31
2015-10-22,0.444988,266.50
2015-10-23,0.566370,273.65
2015-10-24,0.539681,276.50
2015-10-25,0.563207,281.45
2015-10-26,0.619743,283.63
2015-10-27,0.708890,285.18
2015-10-28,0.870938,293.70
2015-10-29,1.01,304.32
2015-10-30,1.21,313.94
2015-10-31,1.05,328.51
2015-11-01,0.920847,315.01
2015-11-02,1.06,325.94
2015-11-03,0.994568,361.87
2015-11-04,1.01,403.66
2015-11-05,0.900699,408.08
2015-11-06,0.904772,388.05
2015-11-07,0.923732,374.27
2015-11-08,0.915661,384.28
2015-11-09,1.03,374.32
2015-11-10,1.00,379.98
2015-11-11,0.941296,339.82
2015-11-12,0.796455,314.08
2015-11-13,0.907722,338.50
2015-11-14,0.905469,336.62
2015-11-15,0.891217,333.05
2015-11-16,0.906166,319.73
2015-11-17,0.924948,330.36
2015-11-18,0.993214,334.59
2015-11-19,0.988713,334.68
2015-11-20,0.955735,326.41
2015-11-21,0.928758,322.09
2015-11-22,0.979765,326.98
2015-11-23,0.967493,324.35
2015-11-24,0.946442,323.01
2015-11-25,0.893827,320.05
2015-11-26,0.863273,328.30
2015-11-27,0.882100,351.86
2015-11-28,0.868102,357.14
2015-11-29,0.914144,357.47
2015-11-30,0.879951,371.44
2015-12-01,0.878316,377.41
2015-12-02,0.873171,361.85
2015-12-03,0.818546,359.33
2015-12-04,0.812082,361.26
2015-12-05,0.841195,363.72
2015-12-06,0.866417,389.55
2015-12-07,0.836322,389.98
2015-12-08,0.806024,395.75
2015-12-09,0.824454,414.44
2015-12-10,0.795590,417.99
2015-12-11,0.839995,415.28
2015-12-12,0.931196,452.33
2015-12-13,0.971538,431.66
2015-12-14,0.956620,433.27
2015-12-15,0.990589,443.88
2015-12-16,1.02,465.21
2015-12-17,0.993043,454.78
2015-12-18,0.938327,455.85
2015-12-19,0.921524,463.55
2015-12-20,0.908240,462.23
2015-12-21,0.906065,442.84
2015-12-22,0.894973,437.44
2015-12-23,0.861782,436.72
2015-12-24,0.859433,443.09
2015-12-25,0.861993,454.86
2015-12-26,0.870766,455.76
2015-12-27,0.853166,416.51
2015-12-28,0.856356,423.34
2015-12-29,0.843835,422.10
2015-12-30,0.874258,433.30
2015-12-31,0.912098,425.88
2016-01-01,0.933712,430.72
2016-01-02,0.947401,434.62
2016-01-03,0.938430,433.58
2016-01-04,0.972045,430.06
2016-01-05,0.953147,433.07
2016-01-06,0.950028,431.86
2016-01-07,0.955801,430.01
2016-01-08,0.942752,457.54
2016-01-09,0.985501,453.38
2016-01-10,0.985557,448.24
2016-01-11,0.999216,448.70
2016-01-12,1.07,448.18
2016-01-13,1.14,434.67
2016-01-14,1.12,432.29
2016-01-15,1.18,430.26
2016-01-16,1.22,365.07
2016-01-17,1.22,387.15
2016-01-18,1.33,381.73
2016-01-19,1.42,387.03
2016-01-20,1.36,379.74
2016-01-21,1.53,419.63
2016-01-22,1.55,409.75
2016-01-23,1.50,382.43
2016-01-24,1.90,388.10
2016-01-25,2.15,402.32
2016-01-26,2.53,392.00
2016-01-27,2.25,392.44
2016-01-28,2.41,395.15
2016-01-29,2.54,380.11
2016-01-30,2.51,378.86
2016-01-31,2.44,378.29
2016-02-01,2.32,369.35
2016-02-02,2.22,372.92
2016-02-03,2.43,374.65
2016-02-04,2.53,370.17
2016-02-05,2.57,388.90
2016-02-06,2.53,386.59
2016-02-07,2.54,376.51
2016-02-08,2.97,376.76
2016-02-09,3.17,373.42
2016-02-10,4.00,376.15
2016-02-11,4.50,382.11
2016-02-12,5.95,379.69
2016-02-13,5.69,384.64
2016-02-14,5.40,392.93
2016-02-15,5.33,407.57
2016-02-16,5.33,401.43
2016-02-17,4.29,407.66
2016-02-18,3.77,416.57
2016-02-19,4.38,422.73
2016-02-20,4.68,421.60
2016-02-21,4.36,437.77
2016-02-22,4.66,438.99
2016-02-23,5.68,438.26
2016-02-24,5.60,420.96
2016-02-25,6.19,425.04
2016-02-26,6.04,424.63
2016-02-27,5.96,432.84
2016-02-28,6.41,432.57
2016-02-29,6.46,433.44
2016-03-01,6.32,437.92
2016-03-02,7.63,435.13
2016-03-03,8.44,423.91
2016-03-04,9.24,421.84
2016-03-05,10.37,410.78
2016-03-06,11.20,400.52
2016-03-07,11.43,407.76
2016-03-08,9.58,414.46
2016-03-09,9.79,413.89
2016-03-10,11.88,414.74
2016-03-11,11.22,417.24
2016-03-12,11.13,421.61
2016-03-13,13.51,411.65
2016-03-14,14.51,414.20
2016-03-15,13.00,416.39
2016-03-16,13.02,416.89
2016-03-17,12.56,417.89
2016-03-18,11.11,420.55
2016-03-19,11.20,409.27
2016-03-20,10.52,410.40
2016-03-21,10.30,413.42
2016-03-22,11.88,413.13
2016-03-23,11.33,418.16
2016-03-24,12.44,418.42
2016-03-25,11.26,416.51
2016-03-26,10.77,417.36
2016-03-27,10.99,418.14
2016-03-28,10.43,426.55
2016-03-29,11.75,424.30
2016-03-30,11.61,416.83
2016-03-31,11.92,415.26
2016-04-01,11.40,416.76
2016-04-02,11.63,418.42
2016-04-03,11.63,421.17
2016-04-04,11.62,421.30
2016-04-05,11.21,421.02
2016-04-06,10.45,424.28
2016-04-07,10.70,423.62
2016-04-08,10.08,422.91
2016-04-09,9.69,420.81
2016-04-10,9.15,419.59
2016-04-11,8.94,421.87
2016-04-12,8.64,422.84
2016-04-13,7.44,425.63
2016-04-14,8.08,423.93
2016-04-15,8.39,424.43
2016-04-16,8.24,429.58
2016-04-17,8.62,430.64
2016-04-18,9.33,427.61
2016-04-19,9.08,428.70
2016-04-20,8.69,435.32
2016-04-21,8.45,441.42
2016-04-22,8.15,449.69
2016-04-23,7.79,445.86
2016-04-24,8.29,450.56
2016-04-25,8.01,459.12
2016-04-26,7.53,461.65
2016-04-27,7.39,466.26
2016-04-28,7.74,445.04
2016-04-29,7.21,449.41
2016-04-30,7.45,455.18
2016-05-01,8.78,448.48
2016-05-02,8.89,451.93
2016-05-03,10.17,444.73
2016-05-04,9.38,450.18
2016-05-05,9.40,446.71
2016-05-06,9.81,447.94
2016-05-07,9.32,459.64
2016-05-08,9.37,458.43
2016-05-09,9.49,458.21
2016-05-10,9.28,460.52
2016-05-11,9.43,450.86
2016-05-12,10.00,452.45
2016-05-13,10.06,454.85
2016-05-14,10.51,455.82
2016-05-15,10.24,455.76
2016-05-16,9.97,457.59
2016-05-17,11.19,454.01
2016-05-18,12.18,453.69
2016-05-19,13.54,454.52
2016-05-20,14.85,437.79
2016-05-21,13.69,442.97
2016-05-22,14.04,443.22
2016-05-23,14.28,439.35
2016-05-24,13.31,444.29
2016-05-25,12.79,446.06
2016-05-26,12.52,449.67
2016-05-27,12.39,453.52
2016-05-28,11.33,473.03
2016-05-29,12.11,527.48
2016-05-30,12.33,528.47
2016-05-31,12.74,534.19
2016-06-01,14.11,531.11
2016-06-02,13.99,536.52
2016-06-03,13.74,537.68
2016-06-04,13.86,569.71
2016-06-05,13.76,573.31
2016-06-06,14.00,574.60
2016-06-07,13.95,585.45
2016-06-08,14.51,577.17
2016-06-09,14.43,582.20
2016-06-10,14.38,575.84
2016-06-11,13.91,578.67
2016-06-12,14.19,609.68
2016-06-13,15.77,671.65
2016-06-14,17.61,704.50
2016-06-15,18.91,685.68
2016-06-16,18.36,696.52
2016-06-17,20.65,768.49
2016-06-18,15.38,748.76
2016-06-19,11.17,756.69
2016-06-20,12.24,763.93
2016-06-21,11.82,735.88
2016-06-22,13.20,665.91
2016-06-23,13.22,597.44
2016-06-24,13.68,625.58
2016-06-25,14.30,665.28
2016-06-26,14.26,665.93
2016-06-27,13.81,629.35
2016-06-28,13.93,658.10
2016-06-29,12.17,644.12
2016-06-30,12.60,640.59
2016-07-01,12.44,672.52
2016-07-02,12.22,676.73
2016-07-03,12.12,704.97
2016-07-04,11.70,658.80
2016-07-05,11.46,683.21
2016-07-06,10.58,670.42
2016-07-07,10.54,678.09
2016-07-08,10.12,640.69
2016-07-09,11.42,666.38
2016-07-10,10.96,650.60
2016-07-11,10.94,648.48
2016-07-12,10.45,648.28
2016-07-13,10.51,664.80
2016-07-14,10.60,652.92
2016-07-15,11.50,659.17
2016-07-16,11.92,663.78
2016-07-17,11.62,661.99
2016-07-18,11.17,679.81
2016-07-19,11.05,672.74
2016-07-20,11.59,672.81
2016-07-21,12.46,665.23
2016-07-22,12.66,664.92
2016-07-23,14.67,650.73
2016-07-24,14.30,655.41
2016-07-25,12.74,661.26
2016-07-26,13.82,654.23
2016-07-27,12.05,651.63
2016-07-28,12.98,654.49
2016-07-29,12.84,655.11
2016-07-30,12.80,657.01
2016-07-31,12.44,655.10
2016-08-01,11.89,624.60
2016-08-02,10.95,606.40
2016-08-03,8.88,548.66
2016-08-04,10.31,566.33
2016-08-05,11.02,578.28
2016-08-06,10.92,575.03
2016-08-07,10.86,587.77
2016-08-08,10.91,592.74
2016-08-09,11.27,591.04
2016-08-10,12.23,587.65
2016-08-11,12.14,592.12
2016-08-12,11.69,588.80
2016-08-13,11.77,587.36
2016-08-14,11.58,585.59
2016-08-15,11.20,570.49
2016-08-16,11.23,567.24
2016-08-17,11.13,577.76
2016-08-18,10.75,573.71
2016-08-19,10.75,574.34
2016-08-20,10.75,576.08
2016-08-21,11.25,581.94
2016-08-22,11.19,581.31
2016-08-23,11.14,586.77
2016-08-24,11.02,583.41
2016-08-25,11.03,580.18
2016-08-26,11.35,577.75
2016-08-27,11.29,579.45
2016-08-28,11.15,569.83
2016-08-29,10.92,574.07
2016-08-30,10.99,574.11
2016-08-31,11.24,577.59
2016-09-01,11.67,575.55
2016-09-02,11.96,572.41
2016-09-03,12.11,575.55
2016-09-04,11.75,598.59
2016-09-05,11.68,608.99
2016-09-06,11.73,606.51
2016-09-07,11.69,610.57
2016-09-08,11.55,614.64
2016-09-09,11.41,626.35
2016-09-10,11.66,622.93
2016-09-11,12.21,623.42
2016-09-12,11.64,607.01
2016-09-13,11.89,608.03
2016-09-14,11.90,608.84
2016-09-15,11.94,610.59
2016-09-16,11.96,607.25
2016-09-17,12.56,607.22
2016-09-18,12.69,606.28
2016-09-19,12.44,609.87
2016-09-20,13.21,609.25
2016-09-21,14.43,603.59
2016-09-22,13.66,597.28
2016-09-23,13.21,596.20
2016-09-24,13.32,602.96
2016-09-25,12.85,602.75
2016-09-26,13.17,600.81
2016-09-27,12.86,608.02
2016-09-28,13.11,606.24
2016-09-29,13.28,605.02
2016-09-30,13.08,605.72
2016-10-01,13.20,609.93
2016-10-02,13.18,613.95
2016-10-03,13.20,610.97
2016-10-04,13.45,612.05
2016-10-05,13.28,610.22
2016-10-06,13.03,612.47
2016-10-07,12.85,612.61
2016-10-08,12.67,617.34
2016-10-09,12.22,619.17
2016-10-10,12.06,616.82
2016-10-11,11.76,619.24
2016-10-12,11.78,640.87
2016-10-13,11.91,636.03
2016-10-14,11.99,637.01
2016-10-15,11.94,640.31
2016-10-16,11.98,639.08
2016-10-17,11.96,641.82
2016-10-18,12.00,639.41
2016-10-19,12.59,638.13
2016-10-20,12.05,630.66
2016-10-21,12.13,630.83
2016-10-22,12.18,633.14
2016-10-23,12.13,657.62
2016-10-24,12.04,657.16
2016-10-25,11.97,654.00
2016-10-26,11.38,657.68
2016-10-27,11.53,678.21
2016-10-28,11.47,688.00
2016-10-29,11.10,690.29
2016-10-30,10.43,714.12
2016-10-31,11.23,702.64
2016-11-01,10.96,701.34
2016-11-02,10.77,730.07
2016-11-03,10.80,742.35
2016-11-04,10.82,689.12
2016-11-05,11.09,703.53
2016-11-06,10.99,703.81
2016-11-07,10.90,710.74
2016-11-08,10.85,703.09
2016-11-09,10.82,709.83
2016-11-10,10.67,722.84
2016-11-11,10.51,715.55
2016-11-12,10.29,716.75
2016-11-13,9.89,705.20
2016-11-14,10.10,702.00
2016-11-15,9.97,705.79
2016-11-16,10.22,711.17
2016-11-17,10.06,744.88
2016-11-18,9.99,740.71
2016-11-19,9.48,751.83
2016-11-20,9.66,751.88
2016-11-21,9.58,731.27
2016-11-22,9.63,739.64
2016-11-23,9.92,751.74
2016-11-24,9.85,744.62
2016-11-25,9.23,740.44
2016-11-26,9.42,741.51
2016-11-27,9.31,735.44
2016-11-28,9.00,732.48
2016-11-29,8.73,736.33
2016-11-30,8.16,736.28
2016-12-01,8.60,746.05
2016-12-02,8.46,757.54
2016-12-03,7.77,778.25
2016-12-04,7.90,771.64
2016-12-05,7.41,773.39
2016-12-06,6.80,758.72
2016-12-07,7.89,764.21
2016-12-08,8.38,768.08
2016-12-09,8.17,769.94
2016-12-10,8.44,773.02
2016-12-11,8.13,774.75
2016-12-12,8.19,770.04
2016-12-13,8.52,780.65
2016-12-14,8.45,780.01
2016-12-15,8.24,780.07
2016-12-16,7.86,778.96
2016-12-17,7.86,785.17
2016-12-18,7.86,791.01
2016-12-19,7.87,790.69
2016-12-20,7.63,792.25
2016-12-21,7.66,800.64
2016-12-22,7.90,834.18
2016-12-23,7.58,864.89
2016-12-24,7.15,922.18
2016-12-25,7.26,899.65
2016-12-26,7.13,896.91
2016-12-27,7.28,908.35
2016-12-28,7.15,934.83
2016-12-29,7.54,975.13
2016-12-30,8.29,972.53
2016-12-31,8.15,960.63
2017-01-01,7.98,963.66
2017-01-02,8.17,998.62
2017-01-03,8.37,1021.60
2017-01-04,9.71,1044.40
2017-01-05,11.29,1156.73
2017-01-06,10.29,1014.24
2017-01-07,10.24,903.49
2017-01-08,9.87,908.17
2017-01-09,10.31,913.24
2017-01-10,10.37,902.44
2017-01-11,10.54,908.11
2017-01-12,9.72,775.18
2017-01-13,9.83,803.74
2017-01-14,9.79,825.14
2017-01-15,9.83,818.14
2017-01-16,9.88,821.78
2017-01-17,9.64,830.95
2017-01-18,10.30,909.37
2017-01-19,10.24,888.34
2017-01-20,10.39,898.17
2017-01-21,10.60,895.55
2017-01-22,10.91,922.21
2017-01-23,10.71,925.50
2017-01-24,10.73,910.68
2017-01-25,10.62,891.92
2017-01-26,10.57,902.40
2017-01-27,10.58,918.36
2017-01-28,10.54,919.81
2017-01-29,10.56,922.07
2017-01-30,10.49,920.15
2017-01-31,10.56,920.96
2017-02-01,10.74,970.94
2017-02-02,10.74,990.00
2017-02-03,10.81,1011.46
2017-02-04,11.13,1031.33
2017-02-05,11.44,1043.52
2017-02-06,11.35,1028.40
2017-02-07,11.43,1040.14
2017-02-08,11.54,1062.32
2017-02-09,11.44,1064.70
2017-02-10,11.05,995.63
2017-02-11,11.29,988.90
2017-02-12,11.35,1003.52
2017-02-13,11.38,998.89
2017-02-14,11.29,991.73
2017-02-15,13.04,1006.21
2017-02-16,12.92,1007.65
2017-02-17,12.90,1026.12
2017-02-18,12.71,1049.21
2017-02-19,12.82,1054.76
2017-02-20,12.77,1048.69
2017-02-21,12.34,1079.28
2017-02-22,12.69,1114.80
2017-02-23,12.60,1117.27
2017-02-24,13.13,1172.71
2017-02-25,13.06,1170.41
2017-02-26,13.52,1144.27
2017-02-27,14.51,1163.78
2017-02-28,15.45,1180.72
2017-03-01,15.85,1180.04
2017-03-02,17.36,1224.68
2017-03-03,19.04,1250.71
2017-03-04,19.52,1277.43
2017-03-05,18.50,1254.29
2017-03-06,19.28,1267.47
2017-03-07,19.58,1273.21
2017-03-08,18.88,1223.23
2017-03-09,16.64,1150.35
2017-03-10,17.74,1189.36
2017-03-11,19.37,1116.32
2017-03-12,21.46,1176.62
2017-03-13,23.50,1221.78
2017-03-14,28.57,1232.16
2017-03-15,28.65,1240.16
2017-03-16,35.36,1251.33
2017-03-17,45.93,1180.16
2017-03-18,46.87,1099.69
2017-03-19,35.53,976.73
2017-03-20,44.83,1037.24
2017-03-21,43.51,1055.36
2017-03-22,43.12,1120.65
2017-03-23,42.57,1050.05
2017-03-24,43.64,1038.45
2017-03-25,53.58,936.54
2017-03-26,50.77,974.02
2017-03-27,51.31,972.05
2017-03-28,49.71,1044.58
2017-03-29,50.57,1046.08
2017-03-30,53.12,1042.21
2017-03-31,51.75,1026.64
2017-04-01,50.03,1071.71
2017-04-02,50.74,1080.61
2017-04-03,48.82,1102.95
2017-04-04,43.92,1145.52
2017-04-05,44.66,1134.14
2017-04-06,45.22,1125.81
2017-04-07,42.87,1178.94
2017-04-08,41.80,1172.65
2017-04-09,44.28,1176.57
2017-04-10,43.28,1187.30
2017-04-11,43.50,1187.46
2017-04-12,43.46,1204.81
2017-04-13,46.31,1201.02
2017-04-14,49.97,1170.33
2017-04-15,47.65,1167.30
2017-04-16,49.04,1172.61
2017-04-17,48.66,1183.25
2017-04-18,48.32,1193.77
2017-04-19,50.73,1212.13
2017-04-20,48.13,1211.08
2017-04-21,49.64,1229.42
2017-04-22,48.18,1222.71
2017-04-23,48.59,1231.92
2017-04-24,48.87,1209.63
2017-04-25,50.07,1250.45
2017-04-26,49.91,1265.99
2017-04-27,52.81,1281.88
2017-04-28,62.23,1317.74
2017-04-29,71.39,1317.84
2017-04-30,68.54,1321.87
2017-05-01,79.32,1348.30
2017-05-02,76.65,1421.03
2017-05-03,77.25,1453.78
2017-05-04,79.72,1490.72
2017-05-05,96.73,1540.87
2017-05-06,94.91,1556.81
2017-05-07,97.87,1579.47
2017-05-08,93.75,1596.92
2017-05-09,91.23,1723.89
2017-05-10,91.15,1756.52
2017-05-11,89.77,1780.37
2017-05-12,89.43,1845.76
2017-05-13,88.69,1723.12
2017-05-14,90.87,1800.86
2017-05-15,90.78,1808.44
2017-05-16,92.39,1741.70
2017-05-17,89.25,1726.73
2017-05-18,89.84,1818.70
2017-05-19,97.05,1897.37
2017-05-20,129.22,1984.24
2017-05-21,127.54,2067.03
2017-05-22,158.17,2043.19
2017-05-23,170.82,2191.56
2017-05-24,182.65,2321.37
2017-05-25,189.85,2446.24
2017-05-26,175.22,2320.89
2017-05-27,159.82,2196.27
2017-05-28,158.82,2054.08
2017-05-29,170.13,2159.43
2017-05-30,195.61,2255.36
2017-05-31,231.58,2187.19
2017-06-01,230.89,2288.33
2017-06-02,222.29,2404.03
2017-06-03,223.46,2493.72
2017-06-04,224.12,2547.79
2017-06-05,245.26,2512.40
2017-06-06,248.60,2690.84
2017-06-07,264.26,2869.38
2017-06-08,257.99,2720.49
2017-06-09,261.75,2807.44
2017-06-10,282.01,2828.14
2017-06-11,338.79,2942.41
2017-06-12,341.16,2953.22
2017-06-13,395.69,2680.91
2017-06-14,397.59,2716.88
2017-06-15,358.51,2499.58
2017-06-16,361.18,2469.57
2017-06-17,369.88,2514.01
2017-06-18,379.52,2655.35
2017-06-19,371.86,2549.03
2017-06-20,370.33,2591.26
2017-06-21,359.54,2709.43
2017-06-22,337.73,2691.03
2017-06-23,336.48,2707.34
2017-06-24,341.63,2738.52
2017-06-25,323.47,2607.25
2017-06-26,302.95,2590.57
2017-06-27,272.69,2478.45
2017-06-28,293.04,2553.03
2017-06-29,328.37,2567.56
2017-06-30,303.15,2539.24
2017-07-01,293.35,2492.60
2017-07-02,275.12,2436.40
2017-07-03,288.41,2498.56
2017-07-04,282.19,2561.00
2017-07-05,273.10,2602.87
2017-07-06,268.86,2608.10
2017-07-07,270.35,2608.59
2017-07-08,245.89,2520.27
2017-07-09,251.82,2572.61
2017-07-10,243.01,2525.25
2017-07-11,211.52,2385.89
2017-07-12,197.15,2332.77
2017-07-13,231.81,2402.70
2017-07-14,209.53,2360.59
2017-07-15,199.71,2230.12
2017-07-16,169.57,1991.98
2017-07-17,159.99,1932.62
2017-07-18,195.03,2233.52
2017-07-19,234.94,2323.08
2017-07-20,205.42,2269.89
2017-07-21,226.06,2838.41
2017-07-22,217.86,2668.63
2017-07-23,229.12,2808.10
2017-07-24,226.29,2732.70
2017-07-25,224.37,2757.50
2017-07-26,207.09,2577.77
2017-07-27,204.86,2538.71
2017-07-28,204.32,2679.73
2017-07-29,193.34,2807.02
2017-07-30,206.74,2724.39
2017-07-31,197.40,2763.24
2017-08-01,204.69,2871.30
2017-08-02,227.01,2727.13
2017-08-03,220.18,2709.56
2017-08-04,225.31,2806.93
2017-08-05,222.85,2897.63
2017-08-06,256.42,3257.61
2017-08-07,261.24,3212.78
2017-08-08,269.10,3370.22
2017-08-09,297.63,3420.40
2017-08-10,296.96,3341.84
2017-08-11,294.49,3373.82
2017-08-12,308.71,3650.63
2017-08-13,310.37,3880.04
2017-08-14,298.03,4066.10
2017-08-15,299.95,4326.99
2017-08-16,289.82,4200.34
2017-08-17,302.80,4384.44
2017-08-18,301.70,4324.34
2017-08-19,296.18,4137.75
2017-08-20,296.64,4189.31
2017-08-21,300.48,4090.48
2017-08-22,321.05,3998.35
2017-08-23,315.27,4089.01
2017-08-24,317.45,4137.60
2017-08-25,326.11,4332.82
2017-08-26,331.99,4372.06
2017-08-27,334.36,4345.10
2017-08-28,350.04,4384.45
2017-08-29,347.96,4389.21
2017-08-30,369.47,4570.36
2017-08-31,378.44,4555.59
2017-09-01,383.47,4701.76
2017-09-02,387.82,4901.42
2017-09-03,350.23,4585.27
2017-09-04,347.13,4591.63
2017-09-05,297.57,4228.29
2017-09-06,313.80,4376.59
2017-09-07,333.52,4589.14
2017-09-08,329.64,4605.16
2017-09-09,296.17,4229.81
2017-09-10,294.06,4229.34
2017-09-11,289.74,4122.47
2017-09-12,294.63,4168.88
2017-09-13,291.12,4131.98
2017-09-14,276.59,3875.37
2017-09-15,215.22,3166.30
2017-09-16,250.87,3637.75
2017-09-17,245.85,3606.28
2017-09-18,252.23,3591.09
2017-09-19,293.66,4073.79
2017-09-20,282.02,3916.36
2017-09-21,283.26,3901.47
2017-09-22,258.11,3628.02
2017-09-23,264.60,3629.92
2017-09-24,286.21,3796.15
2017-09-25,282.22,3681.58
2017-09-26,292.35,3928.41
2017-09-27,287.02,3892.94
2017-09-28,306.47,4197.13
2017-09-29,299.12,4171.62
2017-09-30,291.48,4166.11
2017-10-01,301.55,4341.05
2017-10-02,302.48,4395.81
2017-10-03,297.48,4408.46
2017-10-04,292.75,4319.37
2017-10-05,292.77,4229.88
2017-10-06,295.15,4324.46
2017-10-07,308.89,4369.35
2017-10-08,311.06,4429.67
2017-10-09,308.67,4614.52
2017-10-10,297.60,4776.21
2017-10-11,301.18,4789.25
2017-10-12,303.50,4829.58
2017-10-13,304.08,5464.16
2017-10-14,338.85,5643.53
2017-10-15,339.53,5835.96
2017-10-16,336.71,5687.57
2017-10-17,333.48,5741.58
2017-10-18,316.94,5603.82
2017-10-19,314.54,5583.74
2017-10-20,308.05,5708.11
2017-10-21,303.57,5996.79
2017-10-22,300.55,6036.66
2017-10-23,295.10,6006.00
2017-10-24,287.12,5935.52
2017-10-25,298.44,5524.60
2017-10-26,298.02,5747.95
2017-10-27,296.51,5899.74
2017-10-28,297.92,5787.82
2017-10-29,296.38,5754.44
2017-10-30,304.78,6114.85
2017-10-31,307.38,6132.02
2017-11-01,305.76,6440.97
2017-11-02,290.73,6777.77
2017-11-03,288.50,7087.53
2017-11-04,305.48,7164.48
2017-11-05,300.04,7404.52
2017-11-06,296.43,7403.22
2017-11-07,298.57,7023.10
2017-11-08,294.27,7141.38
2017-11-09,308.64,7446.83
2017-11-10,320.67,7173.73
2017-11-11,298.59,6618.61
2017-11-12,314.69,6295.45
2017-11-13,307.02,5938.25
2017-11-14,316.76,6561.48
2017-11-15,337.96,6634.76
2017-11-16,333.44,7323.24
2017-11-17,330.17,7853.57
2017-11-18,331.98,7697.21
2017-11-19,347.40,7766.03
2017-11-20,354.09,8039.07
2017-11-21,367.44,8205.74
2017-11-22,360.31,8077.95
2017-11-23,381.44,8232.38
2017-11-24,412.50,8074.02
2017-11-25,475.68,8241.71
2017-11-26,465.97,8789.04
2017-11-27,471.53,9352.72
2017-11-28,480.52,9823.43
2017-11-29,473.28,10077.40
2017-11-30,431.21,9906.79
2017-12-01,445.21,10198.60
2017-12-02,466.85,10978.30
2017-12-03,463.70,11082.70
2017-12-04,466.05,11315.40
2017-12-05,470.29,11685.70
2017-12-06,462.60,11923.40
2017-12-07,426.37,14266.10
2017-12-08,434.99,17802.90
2017-12-09,457.34,16523.30
2017-12-10,472.79,15168.40
2017-12-11,440.36,15427.40
2017-12-12,522.29,16919.80
2017-12-13,644.91,17500.00
2017-12-14,700.59,16384.60
2017-12-15,696.38,16601.30
2017-12-16,686.19,17760.30
2017-12-17,696.24,19475.80
2017-12-18,721.73,19106.40
2017-12-19,793.90,19118.30
2017-12-20,827.52,17760.30
2017-12-21,820.24,16642.40
2017-12-22,822.64,15898.00
2017-12-23,681.32,13948.70
2017-12-24,721.77,14608.20
2017-12-25,698.87,13995.90
2017-12-26,763.37,14036.60
2017-12-27,774.97,16163.50
2017-12-28,762.21,15864.10
2017-12-29,740.39,14695.80
2017-12-30,753.82,14681.90
2017-12-31,712.21,12897.70
2018-01-01,755.76,14112.20
2018-01-02,772.35,13625.00
2018-01-03,886.00,14978.20
2018-01-04,961.71,15270.70
2018-01-05,975.75,15477.20
2018-01-06,995.15,17462.10
2018-01-07,1043.01,17527.30
2018-01-08,1158.26,16476.20
2018-01-09,1146.00,15123.70
2018-01-10,1300.34,14588.50
2018-01-11,1268.09,14968.20
2018-01-12,1158.29,13453.90
2018-01-13,1270.47,13952.40
2018-01-14,1397.48,14370.80
2018-01-15,1365.21,13767.30
2018-01-16,1292.63,13836.10
2018-01-17,1061.34,11431.10
2018-01-18,1016.44,11198.80
2018-01-19,1028.82,11429.80
2018-01-20,1044.95,11656.20
2018-01-21,1155.68,12889.20
2018-01-22,1055.35,11633.10
2018-01-23,1004.17,10944.50
2018-01-24,987.48,10903.40
2018-01-25,1063.22,11421.70
2018-01-26,1052.70,11256.00
2018-01-27,1055.75,11174.90
2018-01-28,1111.78,11475.30
2018-01-29,1246.70,11755.50
2018-01-30,1184.13,11306.80
2018-01-31,1071.09,10108.20
2018-02-01,1119.37,10237.30
2018-02-02,1035.77,9142.28
2018-02-03,919.21,8852.12
2018-02-04,964.67,9175.70
2018-02-05,834.96,8270.54
2018-02-06,707.74,7051.75
2018-02-07,790.43,7755.49
2018-02-08,755.84,7637.86
2018-02-09,818.48,8271.84
2018-02-10,882.47,8720.08
2018-02-11,859.29,8616.13
2018-02-12,817.51,8141.43
2018-02-13,869.29,8926.72
2018-02-14,844.28,8599.92
2018-02-15,923.73,9488.32
2018-02-16,934.79,10135.70
2018-02-17,944.75,10207.50
2018-02-18,973.35,11123.40
2018-02-19,921.67,10552.60
2018-02-20,943.57,11231.80
2018-02-21,894.14,11372.20
2018-02-22,849.26,10660.40
2018-02-23,811.59,9937.07
2018-02-24,861.59,10287.70
2018-02-25,839.46,9796.42
2018-02-26,845.28,9669.43
2018-02-27,870.36,10393.90
2018-02-28,877.93,10687.20
2018-03-01,856.01,10385.00
2018-03-02,871.76,10977.40
2018-03-03,856.71,11101.90
2018-03-04,856.19,11497.40
2018-03-05,866.85,11532.40
2018-03-06,853.82,11500.10
2018-03-07,816.27,10803.90
2018-03-08,752.57,9951.44
2018-03-09,702.20,9414.69
2018-03-10,730.16,9350.59
2018-03-11,685.31,8852.78
2018-03-12,724.41,9602.93
2018-03-13,698.15,9173.04
2018-03-14,691.22,9214.65
2018-03-15,614.84,8290.76
2018-03-16,611.78,8322.91
2018-03-17,601.68,8321.91
2018-03-18,551.64,7890.52
2018-03-19,546.63,8344.12
2018-03-20,556.72,8619.67
2018-03-21,559.10,8937.48
2018-03-22,562.10,8939.44
2018-03-23,539.86,8736.25
2018-03-24,542.57,8901.95
2018-03-25,522.70,8612.81
2018-03-26,524.29,8498.47
2018-03-27,489.59,8200.00
2018-03-28,450.29,7836.83
2018-03-29,448.08,7979.07
2018-03-30,385.90,7171.45
2018-03-31,395.00,6892.48
2018-04-01,397.25,7003.06
2018-04-02,379.70,6844.86
2018-04-03,387.31,7102.26
2018-04-04,416.48,7456.41
2018-04-05,379.95,6848.65
2018-04-06,382.73,6815.96
2018-04-07,370.38,6630.51
2018-04-08,385.74,6919.98
2018-04-09,400.86,7044.32
2018-04-10,399.41,6795.44
2018-04-11,415.02,6843.47
2018-04-12,430.16,6955.38
2018-04-13,493.16,7901.09
2018-04-14,492.58,7874.67
2018-04-15,502.88,7999.33
2018-04-16,532.07,8337.57
2018-04-17,511.14,8071.66
2018-04-18,503.31,7944.43
2018-04-19,524.04,8159.27
2018-04-20,567.99,8286.88
2018-04-21,616.00,8848.79
2018-04-22,606.12,8925.06
2018-04-23,621.20,8794.39
2018-04-24,643.40,8934.34
2018-04-25,707.06,9701.03
2018-04-26,618.08,8867.32
2018-04-27,662.11,9290.63
2018-04-28,644.65,8939.27
2018-04-29,683.91,9346.41
2018-04-30,689.76,9426.11
2018-05-01,670.46,9251.47
2018-05-02,674.08,9104.60
2018-05-03,686.59,9233.97
2018-05-04,776.78,9695.50
2018-05-05,784.58,9700.28
2018-05-06,816.09,9845.31
2018-05-07,793.34,9645.67
2018-05-08,755.01,9380.87
2018-05-09,752.90,9223.73
2018-05-10,752.58,9325.96
2018-05-11,727.01,9052.96
2018-05-12,679.88,8441.44
2018-05-13,687.17,8515.49
2018-05-14,732.73,8713.10
2018-05-15,731.14,8705.19
2018-05-16,708.09,8504.41
2018-05-17,708.72,8370.05
2018-05-18,672.10,8091.83
2018-05-19,695.07,8255.73
2018-05-20,697.92,8246.99
2018-05-21,717.19,8522.33
2018-05-22,700.18,8419.87
2018-05-23,646.67,8037.08
2018-05-24,584.54,7561.12
2018-05-25,602.14,7592.30
2018-05-26,587.43,7486.48
2018-05-27,588.52,7362.08
2018-05-28,573.04,7371.31
2018-05-29,516.15,7129.46
2018-05-30,566.83,7469.73
2018-05-31,558.50,7406.15
2018-06-01,578.67,7500.70
2018-06-02,580.43,7536.72
2018-06-03,591.26,7632.09
2018-06-04,619.44,7722.53
2018-06-05,593.41,7500.90
2018-06-06,610.26,7625.97
2018-06-07,607.69,7650.82
2018-06-08,605.44,7685.14
2018-06-09,600.91,7632.52
2018-06-10,594.34,7499.55
2018-06-11,524.86,6799.29
2018-06-12,532.71,6905.82
2018-06-13,498.02,6596.88
2018-06-14,478.38,6342.75
2018-06-15,520.48,6674.08
2018-06-16,490.41,6455.45
2018-06-17,499.46,6545.53
2018-06-18,499.38,6510.07
2018-06-19,519.02,6742.39
2018-06-20,538.51,6770.76
2018-06-21,536.45,6780.09
2018-06-22,527.19,6737.88
2018-06-23,466.27,6090.10
2018-06-24,474.77,6164.28
2018-06-25,455.94,6171.97
2018-06-26,460.73,6253.55
2018-06-27,432.24,6084.40
2018-06-28,442.29,6153.16
2018-06-29,422.59,5898.13
2018-06-30,436.21,6214.22
2018-07-01,455.24,6411.68
2018-07-02,453.82,6380.38
2018-07-03,475.39,6596.66
2018-07-04,464.15,6550.87
2018-07-05,467.29,6599.71
2018-07-06,474.36,6638.69
2018-07-07,474.06,6668.71
2018-07-08,492.07,6857.80
2018-07-09,488.88,6775.08
2018-07-10,476.16,6739.21
2018-07-11,434.52,6330.77
2018-07-12,446.50,6396.78
2018-07-13,430.74,6235.03
2018-07-14,434.51,6247.50
2018-07-15,435.88,6272.70
2018-07-16,450.42,6357.01
2018-07-17,480.08,6739.65
2018-07-18,500.84,7315.32
2018-07-19,480.63,7378.20
2018-07-20,469.31,7467.40
2018-07-21,450.68,7352.72
2018-07-22,462.44,7417.80
2018-07-23,459.44,7414.71
2018-07-24,451.14,7716.51
2018-07-25,479.91,8379.66
2018-07-26,472.33,8176.85
2018-07-27,464.01,7950.40
2018-07-28,469.68,8169.06
2018-07-29,466.92,8205.82
2018-07-30,466.83,8221.58
2018-07-31,457.25,8181.20
2018-08-01,433.87,7769.04
2018-08-02,420.81,7634.19
2018-08-03,412.57,7562.14
2018-08-04,418.24,7438.67
2018-08-05,407.35,7031.08
2018-08-06,410.57,7062.94
2018-08-07,406.80,6958.32
2018-08-08,379.89,6746.85
2018-08-09,356.97,6305.56
2018-08-10,365.78,6571.42
2018-08-11,334.26,6185.79
2018-08-12,320.82,6283.65
2018-08-13,320.21,6341.36
2018-08-14,286.37,6287.66
2018-08-15,280.39,6221.42
2018-08-16,282.74,6294.23
2018-08-17,287.68,6340.91
2018-08-18,316.79,6583.43
2018-08-19,295.67,6422.57
2018-08-20,301.38,6500.51
2018-08-21,273.33,6301.07
2018-08-22,281.97,6486.25
2018-08-23,271.75,6371.34
2018-08-24,278.11,6551.52
2018-08-25,283.28,6719.95
2018-08-26,279.53,6754.64
2018-08-27,275.35,6710.80
2018-08-28,286.65,6891.08
2018-08-29,296.16,7091.71
2018-08-30,289.75,7043.76
2018-08-31,284.12,6973.97
2018-09-01,283.50,7044.81
2018-09-02,295.45,7189.58
2018-09-03,295.18,7279.03
2018-09-04,289.30,7263.00
2018-09-05,286.05,7361.46
2018-09-06,231.65,6755.14
2018-09-07,229.54,6528.92
2018-09-08,217.91,6460.17
2018-09-09,198.39,6223.38
2018-09-10,197.85,6301.57
2018-09-11,198.18,6331.88
2018-09-12,185.42,6317.01
2018-09-13,183.68,6354.24
2018-09-14,212.67,6515.41
2018-09-15,209.81,6509.40
2018-09-16,222.80,6536.68
2018-09-17,221.58,6514.06
2018-09-18,197.10,6280.91
2018-09-19,209.47,6371.85
2018-09-20,210.29,6398.85
2018-09-21,225.25,6513.87
2018-09-22,247.34,6735.05
2018-09-23,240.99,6715.32
2018-09-24,244.84,6704.77
2018-09-25,228.33,6603.64
2018-09-26,218.65,6452.79
2018-09-27,215.44,6495.29
2018-09-28,229.04,6678.75
2018-09-29,221.71,6643.10
2018-09-30,231.33,6604.71
2018-10-01,233.22,6619.85
2018-10-02,231.10,6593.24
2018-10-03,226.41,6553.86
2018-10-04,220.45,6497.91
2018-10-05,222.27,6574.15
2018-10-06,227.55,6622.45
2018-10-07,225.44,6590.68
2018-10-08,226.51,6600.19
2018-10-09,229.71,6653.08
2018-10-10,227.62,6640.29
2018-10-11,225.61,6586.74
2018-10-12,188.71,6239.25
2018-10-13,196.36,6278.08
2018-10-14,199.69,6288.49
2018-10-15,195.27,6292.64
2018-10-16,209.63,6601.41
2018-10-17,210.22,6590.52
2018-10-18,207.40,6542.33
2018-10-19,203.26,6478.07
2018-10-20,203.52,6460.92
2018-10-21,205.39,6490.09
2018-10-22,205.17,6486.05
2018-10-23,204.02,6472.36
2018-10-24,204.13,6478.89
2018-10-25,203.87,6484.65
2018-10-26,202.34,6468.44
2018-10-27,203.36,6480.84
2018-10-28,204.51,6482.66
2018-10-29,205.17,6492.35
2018-10-30,197.20,6337.04
2018-10-31,197.65,6336.99
2018-11-01,197.54,6318.14
2018-11-02,198.98,6378.92
2018-11-03,200.74,6387.24
2018-11-04,200.16,6365.47
2018-11-05,207.10,6363.62
2018-11-06,209.47,6433.38
2018-11-07,218.90,6468.50
2018-11-08,217.33,6522.27
2018-11-09,211.99,6442.60
2018-11-10,209.98,6386.13
2018-11-11,212.48,6413.63
2018-11-12,211.51,6411.76
2018-11-13,210.15,6373.19
2018-11-14,206.53,6351.24
2018-11-15,181.90,5736.15
2018-11-16,180.87,5645.32
2018-11-17,175.36,5578.58
2018-11-18,174.18,5559.74
2018-11-19,177.18,5620.78
2018-11-20,148.81,4863.93
2018-11-21,131.14,4465.54
2018-11-22,136.81,4611.57
2018-11-23,126.42,4360.70
2018-11-24,123.30,4347.69
2018-11-25,113.13,3880.78
2018-11-26,116.34,4015.07
2018-11-27,107.91,3765.95
2018-11-28,110.20,3822.47
2018-11-29,122.72,4269.00
2018-11-30,117.73,4289.09
2018-12-01,113.40,4024.46
2018-12-02,118.27,4200.73
2018-12-03,116.38,4147.32
2018-12-04,108.80,3886.29
2018-12-05,110.34,3958.89
2018-12-06,102.45,3754.07
2018-12-07,91.65,3512.59
2018-12-08,93.41,3421.91
2018-12-09,92.04,3473.23
2018-12-10,94.99,3612.05
2018-12-11,91.58,3497.55
2018-12-12,88.61,3421.46
2018-12-13,90.66,3487.88
2018-12-14,86.63,3311.75
2018-12-15,84.28,3244.00
2018-12-16,84.47,3236.27
2018-12-17,85.38,3253.12
2018-12-18,95.11,3544.76
2018-12-19,101.68,3706.82
2018-12-20,101.09,3742.20
2018-12-21,115.84,4133.70
2018-12-22,109.46,3898.08
2018-12-23,117.27,4020.99
2018-12-24,130.64,4000.33
2018-12-25,141.00,4081.03
2018-12-26,129.89,3819.67
2018-12-27,131.92,3854.69
2018-12-28,116.90,3653.13
2018-12-29,138.47,3932.49
2018-12-30,137.63,3822.38
2018-12-31,140.03,3866.84
2019-01-01,133.42,3746.71
2019-01-02,141.52,3849.22
2019-01-03,155.20,3931.05
2019-01-04,148.91,3832.04
2019-01-05,154.34,3851.97
2019-01-06,155.80,3836.52
2019-01-07,157.81,4078.59
2019-01-08,151.97,4028.47
2019-01-09,150.55,4031.55
2019-01-10,150.84,4034.41
2019-01-11,127.81,3674.02
2019-01-12,127.53,3686.97
2019-01-13,125.91,3658.87
2019-01-14,116.98,3557.31
2019-01-15,129.17,3704.22
2019-01-16,121.81,3631.51
2019-01-17,123.57,3651.87
2019-01-18,123.65,3677.99
2019-01-19,121.61,3652.38
2019-01-20,124.63,3725.45
2019-01-21,119.64,3600.37
2019-01-22,117.11,3575.08
2019-01-23,118.71,3605.56
2019-01-24,117.46,3584.50
2019-01-25,117.59,3607.39
2019-01-26,116.37,3599.72
2019-01-27,116.51,3604.69
2019-01-28,113.29,3584.28
2019-01-29,106.72,3468.87
2019-01-30,105.41,3443.90
2019-01-31,108.90,3485.41
2019-02-01,107.15,3460.55
2019-02-02,107.47,3484.63
2019-02-03,110.49,3516.14
2019-02-04,107.63,3467.21
2019-02-05,107.63,3454.95
2019-02-06,107.57,3469.09
2019-02-07,104.84,3414.93
2019-02-08,104.65,3401.38
2019-02-09,119.21,3671.59
2019-02-10,119.41,3673.20
2019-02-11,124.87,3695.61
2019-02-12,121.18,3642.75
2019-02-13,122.54,3653.60
2019-02-14,122.42,3631.17
2019-02-15,121.45,3617.37
2019-02-16,122.40,3615.27
2019-02-17,123.18,3633.36
2019-02-18,133.03,3671.37
2019-02-19,146.40,3911.66
2019-02-20,145.17,3946.68
2019-02-21,149.35,4000.26
2019-02-22,146.07,3952.41
2019-02-23,148.68,3998.92
2019-02-24,158.90,4145.46
2019-02-25,135.50,3807.00
2019-02-26,139.65,3878.70
2019-02-27,138.03,3857.48
2019-02-28,136.28,3848.26
2019-03-01,136.84,3853.76
2019-03-02,136.35,3855.32
2019-03-03,134.79,3862.27
2019-03-04,132.16,3845.09
2019-03-05,127.79,3759.83
2019-03-06,137.96,3897.08
2019-03-07,138.94,3903.38
2019-03-08,138.31,3913.23
2019-03-09,134.89,3894.55
2019-03-10,138.18,3966.17
2019-03-11,136.85,3953.74
2019-03-12,134.01,3903.76
2019-03-13,134.61,3913.05
2019-03-14,133.20,3905.58
2019-03-15,133.57,3926.66
2019-03-16,137.91,3963.90
2019-03-17,142.24,4047.72
2019-03-18,140.10,4029.97
2019-03-19,139.25,4032.69
2019-03-20,140.48,4070.79
2019-03-21,140.48,4083.95
2019-03-22,136.56,4028.51
2019-03-23,137.04,4022.71
2019-03-24,138.32,4035.16
2019-03-25,137.08,4024.11
2019-03-26,135.05,3969.23
2019-03-27,135.45,3984.24
2019-03-28,141.01,4087.58
2019-03-29,139.34,4068.30
2019-03-30,142.36,4092.14
2019-03-31,142.14,4105.46
2019-04-01,141.47,4105.36
2019-04-02,141.84,4156.92
2019-04-03,164.01,4879.96
2019-04-04,161.43,4971.31
2019-04-05,158.02,4922.81
2019-04-06,165.51,5036.79
2019-04-07,165.98,5062.79
2019-04-08,174.45,5199.84
2019-04-09,180.22,5289.92
2019-04-10,176.07,5204.11
2019-04-11,177.34,5325.08
2019-04-12,165.34,5061.20
2019-04-13,164.62,5088.85
2019-04-14,164.48,5095.76
2019-04-15,167.90,5167.32
2019-04-16,161.53,5066.58
2019-04-17,167.55,5236.14
2019-04-18,166.91,5251.48
2019-04-19,173.79,5298.15
2019-04-20,173.72,5304.16
2019-04-21,173.72,5335.88
2019-04-22,170.02,5312.49
2019-04-23,172.01,5399.37
2019-04-24,171.35,5571.51
2019-04-25,165.91,5466.52
2019-04-26,154.58,5210.30
2019-04-27,156.27,5279.47
2019-04-28,158.50,5271.75
2019-04-29,157.29,5284.86
2019-04-30,155.17,5247.73
2019-05-01,162.19,5350.91
2019-05-02,160.85,5402.42
2019-05-03,162.08,5505.55
2019-05-04,167.89,5769.20
2019-05-05,164.02,5831.07
2019-05-06,163.34,5791.69
2019-05-07,172.43,5745.60
2019-05-08,169.90,5849.48
2019-05-09,170.95,5982.32
2019-05-10,170.31,6175.82
2019-05-11,173.14,6379.67
2019-05-12,194.16,7203.51
2019-05-13,187.42,6971.18
2019-05-14,196.74,7807.88
2019-05-15,217.01,7989.37
2019-05-16,246.94,8194.50
2019-05-17,263.85,7886.93
2019-05-18,243.91,7341.66
2019-05-19,234.45,7267.96
2019-05-20,261.27,8196.92
2019-05-21,251.65,7977.97
2019-05-22,255.00,7956.29
2019-05-23,244.67,7677.27
2019-05-24,245.99,7881.70
2019-05-25,249.69,7991.89
2019-05-26,251.72,8055.21
2019-05-27,267.14,8674.07
2019-05-28,272.59,8802.76
2019-05-29,271.78,8718.59
2019-05-30,269.55,8661.76
2019-05-31,256.02,8320.29
2019-06-01,268.43,8573.84
2019-06-02,265.51,8565.47
2019-06-03,270.09,8741.75
2019-06-04,252.51,8210.99
2019-06-05,241.50,7704.34
2019-06-06,246.93,7819.63
2019-06-07,249.34,7826.90
2019-06-08,251.25,8036.77
2019-06-09,245.54,7949.67
2019-06-10,232.83,7692.28
2019-06-11,247.86,8004.24
2019-06-12,245.93,7925.43
2019-06-13,260.91,8145.55
2019-06-14,256.18,8230.90
2019-06-15,263.93,8689.75
2019-06-16,268.90,8841.44
2019-06-17,269.09,8988.92
2019-06-18,274.32,9335.47
2019-06-19,265.06,9078.73
2019-06-20,269.41,9273.06
2019-06-21,271.74,9525.07
2019-06-22,295.12,10175.92
2019-06-23,309.42,10696.69
2019-06-24,307.72,10853.74
2019-06-25,310.68,11007.20
2019-06-26,317.99,11778.58
2019-06-27,336.96,13017.12
2019-06-28,294.14,11162.17
2019-06-29,311.28,12400.76
2019-06-30,319.58,11931.99
2019-07-01,290.27,10796.93
2019-07-02,293.54,10588.68
2019-07-03,291.76,10818.16
2019-07-04,303.03,11972.72
2019-07-05,284.38,11203.10
2019-07-06,287.89,10982.54
2019-07-07,287.60,11217.62
2019-07-08,305.73,11446.60
2019-07-09,313.33,12284.33
2019-07-10,308.85,12571.54
2019-07-11,289.95,12139.71
2019-07-12,268.69,11354.30
2019-07-13,276.29,11813.13
2019-07-14,269.28,11381.02
2019-07-15,227.97,10257.84
2019-07-16,229.75,10896.65
2019-07-17,199.07,9471.21
2019-07-18,211.44,9698.50
2019-07-19,226.66,10653.96
2019-07-20,221.41,10525.82
2019-07-21,229.17,10777.53
2019-07-22,225.70,10596.95
2019-07-23,217.57,10346.75
2019-07-24,212.55,9887.73
2019-07-25,216.97,9809.10
2019-07-26,219.63,9913.13
2019-07-27,219.62,9871.16
2019-07-28,207.41,9491.63
2019-07-29,211.12,9548.18
2019-07-30,211.34,9522.33
2019-07-31,210.49,9604.05
2019-08-01,218.55,10077.44
2019-08-02,217.88,10402.04
2019-08-03,217.90,10519.28
2019-08-04,222.58,10821.63
2019-08-05,222.65,10960.74
2019-08-06,234.25,11811.55
2019-08-07,225.93,11476.19
2019-08-08,226.52,11954.04
2019-08-09,220.91,11953.47
2019-08-10,210.53,11861.56
2019-08-11,206.73,11349.74
2019-08-12,216.06,11528.19
2019-08-13,211.34,11385.05
2019-08-14,208.60,10889.49
2019-08-15,186.68,10038.42
2019-08-16,188.64,10319.42
2019-08-17,185.53,10358.72
2019-08-18,185.84,10233.01
2019-08-19,194.56,10350.28
2019-08-20,202.81,10916.35
2019-08-21,196.62,10764.57
2019-08-22,186.94,10142.52
2019-08-23,191.11,10136.31
2019-08-24,194.67,10407.64
2019-08-25,191.23,10160.74
2019-08-26,186.74,10126.30
2019-08-27,188.95,10372.83
2019-08-28,187.50,10203.43
2019-08-29,173.96,9756.79
2019-08-30,169.49,9514.84
2019-08-31,168.89,9597.54
2019-09-01,172.46,9630.59
2019-09-02,171.70,9757.47
2019-09-03,178.36,10345.73
2019-09-04,179.49,10621.18
2019-09-05,175.97,10588.18
2019-09-06,174.17,10578.20
2019-09-07,169.96,10353.93
2019-09-08,178.28,10518.11
2019-09-09,181.36,10443.23
2019-09-10,181.21,10336.41
2019-09-11,179.84,10123.03
2019-09-12,178.80,10176.82
2019-09-13,180.98,10415.36
2019-09-14,181.32,10345.40
2019-09-15,188.07,10356.47
2019-09-16,189.69,10347.22
2019-09-17,197.11,10281.51
2019-09-18,208.05,10247.80
2019-09-19,211.25,10200.50
2019-09-20,221.07,10266.32
2019-09-21,217.90,10183.65
2019-09-22,215.49,10024.12
2019-09-23,211.71,10067.96
2019-09-24,201.84,9729.32
2019-09-25,168.13,8603.43
2019-09-26,170.76,8487.67
2019-09-27,166.65,8113.10
2019-09-28,174.68,8251.27
2019-09-29,174.61,8246.04
2019-09-30,170.46,8104.23
2019-10-01,180.21,8299.72
2019-10-02,177.22,8344.21
2019-10-03,180.70,8390.77
2019-10-04,175.24,8259.49
2019-10-05,176.95,8210.15
2019-10-06,176.36,8149.88
2019-10-07,172.94,7989.12
2019-10-08,181.11,8246.85
2019-10-09,182.04,8229.84
2019-10-10,193.19,8585.28
2019-10-11,191.80,8585.26
2019-10-12,182.53,8315.66
2019-10-13,180.86,8336.90
2019-10-14,182.03,8320.83
2019-10-15,186.98,8373.46
2019-10-16,181.34,8204.67
2019-10-17,175.91,8047.81
2019-10-18,177.99,8100.93
2019-10-19,173.65,7973.80
2019-10-20,172.97,7997.81
2019-10-21,175.52,8225.12
2019-10-22,174.91,8243.40
2019-10-23,172.26,8076.23
2019-10-24,162.51,7509.73
2019-10-25,162.19,7490.70
2019-10-26,181.67,8667.58
2019-10-27,179.93,9241.71
2019-10-28,184.40,9565.10
2019-10-29,182.67,9248.44
2019-10-30,190.34,9422.46
2019-10-31,184.80,9202.46
2019-11-01,183.80,9193.99
2019-11-02,184.02,9259.78
2019-11-03,183.99,9324.79
2019-11-04,182.32,9235.61
2019-11-05,186.31,9413.00
2019-11-06,189.11,9340.86
2019-11-07,191.50,9352.39
2019-11-08,187.92,9265.37
2019-11-09,184.31,8809.47
2019-11-10,184.94,8812.49
2019-11-11,189.50,9056.92
2019-11-12,185.56,8759.75
2019-11-13,186.94,8812.03
2019-11-14,188.27,8811.94
2019-11-15,186.06,8705.71
2019-11-16,180.50,8491.17
2019-11-17,183.35,8549.47
2019-11-18,185.04,8573.98
2019-11-19,180.50,8305.13
2019-11-20,177.42,8203.61
2019-11-21,175.67,8023.64
2019-11-22,161.51,7643.57
2019-11-23,150.21,7296.16
2019-11-24,153.43,7398.63
2019-11-25,142.70,7039.98
2019-11-26,146.40,7145.16
2019-11-27,148.40,7220.88
2019-11-28,153.07,7536.82
2019-11-29,151.77,7466.73
2019-11-30,155.29,7764.06
2019-12-01,152.49,7571.62
2019-12-02,151.18,7424.04
2019-12-03,149.06,7323.98
2019-12-04,147.92,7320.13
2019-12-05,146.69,7253.24
2019-12-06,149.40,7450.56
2019-12-07,149.20,7547.27
2019-12-08,148.74,7551.34
2019-12-09,151.22,7561.80
2019-12-10,148.18,7397.13
2019-12-11,146.32,7277.20
2019-12-12,143.62,7216.74
2019-12-13,145.66,7244.66
2019-12-14,144.95,7268.90
2019-12-15,142.86,7124.24
2019-12-16,143.14,7153.66
2019-12-17,133.65,6931.32
2019-12-18,122.66,6647.70
2019-12-19,133.05,7277.59
2019-12-20,129.38,7208.64
2019-12-21,129.10,7220.59
2019-12-22,128.10,7191.19
2019-12-23,132.31,7508.90
2019-12-24,128.63,7354.39
2019-12-25,129.07,7325.76
2019-12-26,126.49,7274.80
2019-12-27,126.37,7238.14
2019-12-28,127.21,7289.03
2019-12-29,128.27,7317.65
2019-12-30,134.80,7420.27
2019-12-31,132.61,7294.44
2020-01-01,129.63,7194.89
2020-01-02,130.82,7202.55
2020-01-03,127.41,6984.43
2020-01-04,134.17,7345.38
2020-01-05,135.07,7410.45
2020-01-06,136.31,7410.45
2020-01-07,144.31,7768.68
2020-01-08,143.49,8161.94
2020-01-09,141.16,8082.30
2020-01-10,138.97,7878.31
2020-01-11,143.41,8162.19
2020-01-12,143.03,8033.26
2020-01-13,146.22,8189.77
2020-01-14,144.25,8140.93
2020-01-15,165.73,8825.34
2020-01-16,166.33,8812.48
2020-01-17,164.49,8725.21
2020-01-18,170.75,8927.21
2020-01-19,175.47,8941.45
2020-01-20,166.90,8704.63
2020-01-21,167.06,8658.99
2020-01-22,169.61,8744.21
2020-01-23,168.30,8680.65
2020-01-24,162.90,8405.57
2020-01-25,163.07,8440.12
2020-01-26,161.18,8364.41
2020-01-27,168.01,8597.31
2020-01-28,170.88,8912.52
2020-01-29,176.35,9357.47
2020-01-30,174.92,9316.02
2020-01-31,184.74,9508.31
2020-02-01,180.11,9346.36
2020-02-02,183.53,9389.82
2020-02-03,188.61,9344.68
2020-02-04,189.86,9292.84
2020-02-05,189.30,9183.42
2020-02-06,204.13,9617.82
2020-02-07,212.32,9726.00
2020-02-08,222.51,9793.07
2020-02-09,222.98,9863.89
2020-02-10,228.55,10115.56
2020-02-11,223.38,9855.89
2020-02-12,235.90,10202.39
2020-02-13,265.05,10323.96
2020-02-14,268.02,10211.55
2020-02-15,284.56,10313.86
2020-02-16,264.90,9889.18
2020-02-17,259.89,9936.56
2020-02-18,266.51,9691.23
2020-02-19,282.04,10143.80
2020-02-20,259.82,9629.33
2020-02-21,257.89,9611.78
2020-02-22,265.55,9687.71
2020-02-23,262.28,9663.32
2020-02-24,273.71,9921.58
2020-02-25,265.28,9651.31
2020-02-26,247.74,9338.29
2020-02-27,225.69,8825.09
2020-02-28,226.99,8788.73
2020-02-29,226.83,8671.21
2020-03-01,219.75,8599.76
2020-03-02,218.71,8563.26
2020-03-03,230.52,8865.39
2020-03-04,224.57,8788.54
2020-03-05,224.64,8760.29
2020-03-06,229.17,9078.31
2020-03-07,243.75,9121.60
2020-03-08,237.78,8908.21
2020-03-09,201.32,8111.15
2020-03-10,202.86,7922.15
2020-03-11,200.77,7910.09
2020-03-12,194.74,7913.62
2020-03-13,112.69,5017.83
2020-03-14,133.58,5573.08
2020-03-15,123.25,5201.07
2020-03-16,125.00,5385.23
2020-03-17,110.41,5002.58
2020-03-18,113.86,5227.11
2020-03-19,114.84,5245.42
2020-03-20,136.65,6191.65
2020-03-21,133.10,6206.52
2020-03-22,132.85,6185.56
2020-03-23,123.37,5831.37
2020-03-24,135.19,6436.64
2020-03-25,138.91,6738.72
2020-03-26,136.19,6675.17
2020-03-27,138.37,6719.39
2020-03-28,134.03,6467.25
2020-03-29,131.02,6245.62
2020-03-30,125.58,5925.54
2020-03-31,132.82,6430.61
2020-04-01,133.61,6437.32
2020-04-02,135.73,6606.78
2020-04-03,142.11,6797.40
2020-04-04,142.22,6738.38
2020-04-05,145.26,6862.54
2020-04-06,143.61,6788.05
2020-04-07,169.15,7273.64
2020-04-08,165.24,7179.28
2020-04-09,172.76,7337.97
2020-04-10,170.83,7303.82
2020-04-11,158.54,6867.44
2020-04-12,158.23,6858.07
2020-04-13,160.72,6965.62
2020-04-14,156.36,6843.28
2020-04-15,157.57,6845.56
2020-04-16,153.20,6640.45
2020-04-17,172.28,7116.55
2020-04-18,171.62,7092.29
2020-04-19,186.86,7260.92
2020-04-20,181.48,7186.87
2020-04-21,172.02,6879.78
2020-04-22,172.67,6879.44
2020-04-23,182.62,7121.31
