symbol,date,price
BTC,Apr 23 2020,7121.31
BTC,Apr 22 2020,6879.44
BTC,Apr 21 2020,6879.78
BTC,Apr 20 2020,7186.87
BTC,Apr 19 2020,7260.92
BTC,Apr 18 2020,7092.29
BTC,Apr 17 2020,7116.55
BTC,Apr 16 2020,6640.45
BTC,Apr 15 2020,6845.56
BTC,Apr 14 2020,6843.28
BTC,Apr 13 2020,6965.62
BTC,Apr 12 2020,6858.07
BTC,Apr 11 2020,6867.44
BTC,Apr 10 2020,7303.82
BTC,Apr 09 2020,7337.97
BTC,Apr 08 2020,7179.28
BTC,Apr 07 2020,7273.64
BTC,Apr 06 2020,6788.05
BTC,Apr 05 2020,6862.54
BTC,Apr 04 2020,6738.38
BTC,Apr 03 2020,6797.40
BTC,Apr 02 2020,6606.78
BTC,Apr 01 2020,6437.32
BTC,Mar 31 2020,6430.61
BTC,Mar 30 2020,5925.54
BTC,Mar 29 2020,6245.62
BTC,Mar 28 2020,6467.25
BTC,Mar 27 2020,6719.39
BTC,Mar 26 2020,6675.17
BTC,Mar 25 2020,6738.72
BTC,Mar 24 2020,6436.64
BTC,Mar 23 2020,5831.37
BTC,Mar 22 2020,6185.56
BTC,Mar 21 2020,6206.52
BTC,Mar 20 2020,6191.65
BTC,Mar 19 2020,5245.42
BTC,Mar 18 2020,5227.11
BTC,Mar 17 2020,5002.58
BTC,Mar 16 2020,5385.23
BTC,Mar 15 2020,5201.07
BTC,Mar 14 2020,5573.08
BTC,Mar 13 2020,5017.83
BTC,Mar 12 2020,7913.62
BTC,Mar 11 2020,7910.09
BTC,Mar 10 2020,7922.15
BTC,Mar 09 2020,8111.15
BTC,Mar 08 2020,8908.21
BTC,Mar 07 2020,9121.60
BTC,Mar 06 2020,9078.31
BTC,Mar 05 2020,8760.29
BTC,Mar 04 2020,8788.54
BTC,Mar 03 2020,8865.39
BTC,Mar 02 2020,8563.26
BTC,Mar 01 2020,8599.76
BTC,Feb 29 2020,8671.21
BTC,Feb 28 2020,8788.73
BTC,Feb 27 2020,8825.09
BTC,Feb 26 2020,9338.29
BTC,Feb 25 2020,9651.31
BTC,Feb 24 2020,9921.58
BTC,Feb 23 2020,9663.32
BTC,Feb 22 2020,9687.71
BTC,Feb 21 2020,9611.78
BTC,Feb 20 2020,9629.33
BTC,Feb 19 2020,10143.80
BTC,Feb 18 2020,9691.23
BTC,Feb 17 2020,9936.56
BTC,Feb 16 2020,9889.18
BTC,Feb 15 2020,10313.86
BTC,Feb 14 2020,10211.55
BTC,Feb 13 2020,10323.96
BTC,Feb 12 2020,10202.39
BTC,Feb 11 2020,9855.89
BTC,Feb 10 2020,10115.56
BTC,Feb 09 2020,9863.89
BTC,Feb 08 2020,9793.07
BTC,Feb 07 2020,9726.00
BTC,Feb 06 2020,9617.82
BTC,Feb 05 2020,9183.42
BTC,Feb 04 2020,9292.84
BTC,Feb 03 2020,9344.68
BTC,Feb 02 2020,9389.82
BTC,Feb 01 2020,9346.36
BTC,Jan 31 2020,9508.31
BTC,Jan 30 2020,9316.02
BTC,Jan 29 2020,9357.47
BTC,Jan 28 2020,8912.52
BTC,Jan 27 2020,8597.31
BTC,Jan 26 2020,8364.41
BTC,Jan 25 2020,8440.12
BTC,Jan 24 2020,8405.57
BTC,Jan 23 2020,8680.65
BTC,Jan 22 2020,8744.21
BTC,Jan 21 2020,8658.99
BTC,Jan 20 2020,8704.63
BTC,Jan 19 2020,8941.45
BTC,Jan 18 2020,8927.21
BTC,Jan 17 2020,8725.21
BTC,Jan 16 2020,8812.48
BTC,Jan 15 2020,8825.34
BTC,Jan 14 2020,8140.93
BTC,Jan 13 2020,8189.77
BTC,Jan 12 2020,8033.26
BTC,Jan 11 2020,8162.19
BTC,Jan 10 2020,7878.31
BTC,Jan 09 2020,8082.30
BTC,Jan 08 2020,8161.94
BTC,Jan 07 2020,7768.68
BTC,Jan 06 2020,7410.45
BTC,Jan 05 2020,7410.45
BTC,Jan 04 2020,7345.38
BTC,Jan 03 2020,6984.43
BTC,Jan 02 2020,7202.55
BTC,Jan 01 2020,7194.89
BTC,Dec 31 2019,7294.44
BTC,Dec 30 2019,7420.27
BTC,Dec 29 2019,7317.65
BTC,Dec 28 2019,7289.03
BTC,Dec 27 2019,7238.14
BTC,Dec 26 2019,7274.80
BTC,Dec 25 2019,7325.76
BTC,Dec 24 2019,7354.39
BTC,Dec 23 2019,7508.90
BTC,Dec 22 2019,7191.19
BTC,Dec 21 2019,7220.59
BTC,Dec 20 2019,7208.64
BTC,Dec 19 2019,7277.59
BTC,Dec 18 2019,6647.70
BTC,Dec 17 2019,6931.32
BTC,Dec 16 2019,7153.66
BTC,Dec 15 2019,7124.24
BTC,Dec 14 2019,7268.90
BTC,Dec 13 2019,7244.66
BTC,Dec 12 2019,7216.74
BTC,Dec 11 2019,7277.20
BTC,Dec 10 2019,7397.13
BTC,Dec 09 2019,7561.80
BTC,Dec 08 2019,7551.34
BTC,Dec 07 2019,7547.27
BTC,Dec 06 2019,7450.56
BTC,Dec 05 2019,7253.24
BTC,Dec 04 2019,7320.13
BTC,Dec 03 2019,7323.98
BTC,Dec 02 2019,7424.04
BTC,Dec 01 2019,7571.62
BTC,Nov 30 2019,7764.06
BTC,Nov 29 2019,7466.73
BTC,Nov 28 2019,7536.82
BTC,Nov 27 2019,7220.88
BTC,Nov 26 2019,7145.16
BTC,Nov 25 2019,7039.98
BTC,Nov 24 2019,7398.63
BTC,Nov 23 2019,7296.16
BTC,Nov 22 2019,7643.57
BTC,Nov 21 2019,8023.64
BTC,Nov 20 2019,8203.61
BTC,Nov 19 2019,8305.13
BTC,Nov 18 2019,8573.98
BTC,Nov 17 2019,8549.47
BTC,Nov 16 2019,8491.17
BTC,Nov 15 2019,8705.71
BTC,Nov 14 2019,8811.94
BTC,Nov 13 2019,8812.03
BTC,Nov 12 2019,8759.75
BTC,Nov 11 2019,9056.92
BTC,Nov 10 2019,8812.49
BTC,Nov 09 2019,8809.47
BTC,Nov 08 2019,9265.37
BTC,Nov 07 2019,9352.39
BTC,Nov 06 2019,9340.86
BTC,Nov 05 2019,9413.00
BTC,Nov 04 2019,9235.61
BTC,Nov 03 2019,9324.79
BTC,Nov 02 2019,9259.78
BTC,Nov 01 2019,9193.99
BTC,Oct 31 2019,9202.46
BTC,Oct 30 2019,9422.46
BTC,Oct 29 2019,9248.44
BTC,Oct 28 2019,9565.10
BTC,Oct 27 2019,9241.71
BTC,Oct 26 2019,8667.58
BTC,Oct 25 2019,7490.70
BTC,Oct 24 2019,7509.73
BTC,Oct 23 2019,8076.23
BTC,Oct 22 2019,8243.40
BTC,Oct 21 2019,8225.12
BTC,Oct 20 2019,7997.81
BTC,Oct 19 2019,7973.80
BTC,Oct 18 2019,8100.93
BTC,Oct 17 2019,8047.81
BTC,Oct 16 2019,8204.67
BTC,Oct 15 2019,8373.46
BTC,Oct 14 2019,8320.83
BTC,Oct 13 2019,8336.90
BTC,Oct 12 2019,8315.66
BTC,Oct 11 2019,8585.26
BTC,Oct 10 2019,8585.28
BTC,Oct 09 2019,8229.84
BTC,Oct 08 2019,8246.85
BTC,Oct 07 2019,7989.12
BTC,Oct 06 2019,8149.88
BTC,Oct 05 2019,8210.15
BTC,Oct 04 2019,8259.49
BTC,Oct 03 2019,8390.77
BTC,Oct 02 2019,8344.21
BTC,Oct 01 2019,8299.72
BTC,Sep 30 2019,8104.23
BTC,Sep 29 2019,8246.04
BTC,Sep 28 2019,8251.27
BTC,Sep 27 2019,8113.10
BTC,Sep 26 2019,8487.67
BTC,Sep 25 2019,8603.43
BTC,Sep 24 2019,9729.32
BTC,Sep 23 2019,10067.96
BTC,Sep 22 2019,10024.12
BTC,Sep 21 2019,10183.65
BTC,Sep 20 2019,10266.32
BTC,Sep 19 2019,10200.50
BTC,Sep 18 2019,10247.80
BTC,Sep 17 2019,10281.51
BTC,Sep 16 2019,10347.22
BTC,Sep 15 2019,10356.47
BTC,Sep 14 2019,10345.40
BTC,Sep 13 2019,10415.36
BTC,Sep 12 2019,10176.82
BTC,Sep 11 2019,10123.03
BTC,Sep 10 2019,10336.41
BTC,Sep 09 2019,10443.23
BTC,Sep 08 2019,10518.11
BTC,Sep 07 2019,10353.93
BTC,Sep 06 2019,10578.20
BTC,Sep 05 2019,10588.18
BTC,Sep 04 2019,10621.18
BTC,Sep 03 2019,10345.73
BTC,Sep 02 2019,9757.47
BTC,Sep 01 2019,9630.59
BTC,Aug 31 2019,9597.54
BTC,Aug 30 2019,9514.84
BTC,Aug 29 2019,9756.79
BTC,Aug 28 2019,10203.43
BTC,Aug 27 2019,10372.83
BTC,Aug 26 2019,10126.30
BTC,Aug 25 2019,10160.74
BTC,Aug 24 2019,10407.64
BTC,Aug 23 2019,10136.31
BTC,Aug 22 2019,10142.52
BTC,Aug 21 2019,10764.57
BTC,Aug 20 2019,10916.35
BTC,Aug 19 2019,10350.28
BTC,Aug 18 2019,10233.01
BTC,Aug 17 2019,10358.72
BTC,Aug 16 2019,10319.42
BTC,Aug 15 2019,10038.42
BTC,Aug 14 2019,10889.49
BTC,Aug 13 2019,11385.05
BTC,Aug 12 2019,11528.19
BTC,Aug 11 2019,11349.74
BTC,Aug 10 2019,11861.56
BTC,Aug 09 2019,11953.47
BTC,Aug 08 2019,11954.04
BTC,Aug 07 2019,11476.19
BTC,Aug 06 2019,11811.55
BTC,Aug 05 2019,10960.74
BTC,Aug 04 2019,10821.63
BTC,Aug 03 2019,10519.28
BTC,Aug 02 2019,10402.04
BTC,Aug 01 2019,10077.44
BTC,Jul 31 2019,9604.05
BTC,Jul 30 2019,9522.33
BTC,Jul 29 2019,9548.18
BTC,Jul 28 2019,9491.63
BTC,Jul 27 2019,9871.16
BTC,Jul 26 2019,9913.13
BTC,Jul 25 2019,9809.10
BTC,Jul 24 2019,9887.73
BTC,Jul 23 2019,10346.75
BTC,Jul 22 2019,10596.95
BTC,Jul 21 2019,10777.53
BTC,Jul 20 2019,10525.82
BTC,Jul 19 2019,10653.96
BTC,Jul 18 2019,9698.50
BTC,Jul 17 2019,9471.21
BTC,Jul 16 2019,10896.65
BTC,Jul 15 2019,10257.84
BTC,Jul 14 2019,11381.02
BTC,Jul 13 2019,11813.13
BTC,Jul 12 2019,11354.30
BTC,Jul 11 2019,12139.71
BTC,Jul 10 2019,12571.54
BTC,Jul 09 2019,12284.33
BTC,Jul 08 2019,11446.60
BTC,Jul 07 2019,11217.62
BTC,Jul 06 2019,10982.54
BTC,Jul 05 2019,11203.10
BTC,Jul 04 2019,11972.72
BTC,Jul 03 2019,10818.16
BTC,Jul 02 2019,10588.68
BTC,Jul 01 2019,10796.93
BTC,Jun 30 2019,11931.99
BTC,Jun 29 2019,12400.76
BTC,Jun 28 2019,11162.17
BTC,Jun 27 2019,13017.12
BTC,Jun 26 2019,11778.58
BTC,Jun 25 2019,11007.20
BTC,Jun 24 2019,10853.74
BTC,Jun 23 2019,10696.69
BTC,Jun 22 2019,10175.92
BTC,Jun 21 2019,9525.07
BTC,Jun 20 2019,9273.06
BTC,Jun 19 2019,9078.73
BTC,Jun 18 2019,9335.47
BTC,Jun 17 2019,8988.92
BTC,Jun 16 2019,8841.44
BTC,Jun 15 2019,8689.75
BTC,Jun 14 2019,8230.90
BTC,Jun 13 2019,8145.55
BTC,Jun 12 2019,7925.43
BTC,Jun 11 2019,8004.24
BTC,Jun 10 2019,7692.28
BTC,Jun 09 2019,7949.67
BTC,Jun 08 2019,8036.77
BTC,Jun 07 2019,7826.90
BTC,Jun 06 2019,7819.63
BTC,Jun 05 2019,7704.34
BTC,Jun 04 2019,8210.99
BTC,Jun 03 2019,8741.75
BTC,Jun 02 2019,8565.47
BTC,Jun 01 2019,8573.84
BTC,May 31 2019,8320.29
BTC,May 30 2019,8661.76
BTC,May 29 2019,8718.59
BTC,May 28 2019,8802.76
BTC,May 27 2019,8674.07
BTC,May 26 2019,8055.21
BTC,May 25 2019,7991.89
BTC,May 24 2019,7881.70
BTC,May 23 2019,7677.27
BTC,May 22 2019,7956.29
BTC,May 21 2019,7977.97
BTC,May 20 2019,8196.92
BTC,May 19 2019,7267.96
BTC,May 18 2019,7341.66
BTC,May 17 2019,7886.93
BTC,May 16 2019,8194.50
BTC,May 15 2019,7989.37
BTC,May 14 2019,7807.88
BTC,May 13 2019,6971.18
BTC,May 12 2019,7203.51
BTC,May 11 2019,6379.67
BTC,May 10 2019,6175.82
BTC,May 09 2019,5982.32
BTC,May 08 2019,5849.48
BTC,May 07 2019,5745.60
BTC,May 06 2019,5791.69
BTC,May 05 2019,5831.07
BTC,May 04 2019,5769.20
BTC,May 03 2019,5505.55
BTC,May 02 2019,5402.42
BTC,May 01 2019,5350.91
BTC,Apr 30 2019,5247.73
BTC,Apr 29 2019,5284.86
BTC,Apr 28 2019,5271.75
BTC,Apr 27 2019,5279.47
BTC,Apr 26 2019,5210.30
BTC,Apr 25 2019,5466.52
BTC,Apr 24 2019,5571.51
BTC,Apr 23 2019,5399.37
BTC,Apr 22 2019,5312.49
BTC,Apr 21 2019,5335.88
BTC,Apr 20 2019,5304.16
BTC,Apr 19 2019,5298.15
BTC,Apr 18 2019,5251.48
BTC,Apr 17 2019,5236.14
BTC,Apr 16 2019,5066.58
BTC,Apr 15 2019,5167.32
BTC,Apr 14 2019,5095.76
BTC,Apr 13 2019,5088.85
BTC,Apr 12 2019,5061.20
BTC,Apr 11 2019,5325.08
BTC,Apr 10 2019,5204.11
BTC,Apr 09 2019,5289.92
BTC,Apr 08 2019,5199.84
BTC,Apr 07 2019,5062.79
BTC,Apr 06 2019,5036.79
BTC,Apr 05 2019,4922.81
BTC,Apr 04 2019,4971.31
BTC,Apr 03 2019,4879.96
BTC,Apr 02 2019,4156.92
BTC,Apr 01 2019,4105.36
BTC,Mar 31 2019,4105.46
BTC,Mar 30 2019,4092.14
BTC,Mar 29 2019,4068.30
BTC,Mar 28 2019,4087.58
BTC,Mar 27 2019,3984.24
BTC,Mar 26 2019,3969.23
BTC,Mar 25 2019,4024.11
BTC,Mar 24 2019,4035.16
BTC,Mar 23 2019,4022.71
BTC,Mar 22 2019,4028.51
BTC,Mar 21 2019,4083.95
BTC,Mar 20 2019,4070.79
BTC,Mar 19 2019,4032.69
BTC,Mar 18 2019,4029.97
BTC,Mar 17 2019,4047.72
BTC,Mar 16 2019,3963.90
BTC,Mar 15 2019,3926.66
BTC,Mar 14 2019,3905.58
BTC,Mar 13 2019,3913.05
BTC,Mar 12 2019,3903.76
BTC,Mar 11 2019,3953.74
BTC,Mar 10 2019,3966.17
BTC,Mar 09 2019,3894.55
BTC,Mar 08 2019,3913.23
BTC,Mar 07 2019,3903.38
BTC,Mar 06 2019,3897.08
BTC,Mar 05 2019,3759.83
BTC,Mar 04 2019,3845.09
BTC,Mar 03 2019,3862.27
BTC,Mar 02 2019,3855.32
BTC,Mar 01 2019,3853.76
BTC,Feb 28 2019,3848.26
BTC,Feb 27 2019,3857.48
BTC,Feb 26 2019,3878.70
BTC,Feb 25 2019,3807.00
BTC,Feb 24 2019,4145.46
BTC,Feb 23 2019,3998.92
BTC,Feb 22 2019,3952.41
BTC,Feb 21 2019,4000.26
BTC,Feb 20 2019,3946.68
BTC,Feb 19 2019,3911.66
BTC,Feb 18 2019,3671.37
BTC,Feb 17 2019,3633.36
BTC,Feb 16 2019,3615.27
BTC,Feb 15 2019,3617.37
BTC,Feb 14 2019,3631.17
BTC,Feb 13 2019,3653.60
BTC,Feb 12 2019,3642.75
BTC,Feb 11 2019,3695.61
BTC,Feb 10 2019,3673.20
BTC,Feb 09 2019,3671.59
BTC,Feb 08 2019,3401.38
BTC,Feb 07 2019,3414.93
BTC,Feb 06 2019,3469.09
BTC,Feb 05 2019,3454.95
BTC,Feb 04 2019,3467.21
BTC,Feb 03 2019,3516.14
BTC,Feb 02 2019,3484.63
BTC,Feb 01 2019,3460.55
BTC,Jan 31 2019,3485.41
BTC,Jan 30 2019,3443.90
BTC,Jan 29 2019,3468.87
BTC,Jan 28 2019,3584.28
BTC,Jan 27 2019,3604.69
BTC,Jan 26 2019,3599.72
BTC,Jan 25 2019,3607.39
BTC,Jan 24 2019,3584.50
BTC,Jan 23 2019,3605.56
BTC,Jan 22 2019,3575.08
BTC,Jan 21 2019,3600.37
BTC,Jan 20 2019,3725.45
BTC,Jan 19 2019,3652.38
BTC,Jan 18 2019,3677.99
BTC,Jan 17 2019,3651.87
BTC,Jan 16 2019,3631.51
BTC,Jan 15 2019,3704.22
BTC,Jan 14 2019,3557.31
BTC,Jan 13 2019,3658.87
BTC,Jan 12 2019,3686.97
BTC,Jan 11 2019,3674.02
BTC,Jan 10 2019,4034.41
BTC,Jan 09 2019,4031.55
BTC,Jan 08 2019,4028.47
BTC,Jan 07 2019,4078.59
BTC,Jan 06 2019,3836.52
BTC,Jan 05 2019,3851.97
BTC,Jan 04 2019,3832.04
BTC,Jan 03 2019,3931.05
BTC,Jan 02 2019,3849.22
BTC,Jan 01 2019,3746.71
BTC,Dec 31 2018,3866.84
BTC,Dec 30 2018,3822.38
BTC,Dec 29 2018,3932.49
BTC,Dec 28 2018,3653.13
BTC,Dec 27 2018,3854.69
BTC,Dec 26 2018,3819.67
BTC,Dec 25 2018,4081.03
BTC,Dec 24 2018,4000.33
BTC,Dec 23 2018,4020.99
BTC,Dec 22 2018,3898.08
BTC,Dec 21 2018,4133.70
BTC,Dec 20 2018,3742.20
BTC,Dec 19 2018,3706.82
BTC,Dec 18 2018,3544.76
BTC,Dec 17 2018,3253.12
BTC,Dec 16 2018,3236.27
BTC,Dec 15 2018,3244.00
BTC,Dec 14 2018,3311.75
BTC,Dec 13 2018,3487.88
BTC,Dec 12 2018,3421.46
BTC,Dec 11 2018,3497.55
BTC,Dec 10 2018,3612.05
BTC,Dec 09 2018,3473.23
BTC,Dec 08 2018,3421.91
BTC,Dec 07 2018,3512.59
BTC,Dec 06 2018,3754.07
BTC,Dec 05 2018,3958.89
BTC,Dec 04 2018,3886.29
BTC,Dec 03 2018,4147.32
BTC,Dec 02 2018,4200.73
BTC,Dec 01 2018,4024.46
BTC,Nov 30 2018,4289.09
BTC,Nov 29 2018,4269.00
BTC,Nov 28 2018,3822.47
BTC,Nov 27 2018,3765.95
BTC,Nov 26 2018,4015.07
BTC,Nov 25 2018,3880.78
BTC,Nov 24 2018,4347.69
BTC,Nov 23 2018,4360.70
BTC,Nov 22 2018,4611.57
BTC,Nov 21 2018,4465.54
BTC,Nov 20 2018,4863.93
BTC,Nov 19 2018,5620.78
BTC,Nov 18 2018,5559.74
BTC,Nov 17 2018,5578.58
BTC,Nov 16 2018,5645.32
BTC,Nov 15 2018,5736.15
BTC,Nov 14 2018,6351.24
BTC,Nov 13 2018,6373.19
BTC,Nov 12 2018,6411.76
BTC,Nov 11 2018,6413.63
BTC,Nov 10 2018,6386.13
BTC,Nov 09 2018,6442.60
BTC,Nov 08 2018,6522.27
BTC,Nov 07 2018,6468.50
BTC,Nov 06 2018,6433.38
BTC,Nov 05 2018,6363.62
BTC,Nov 04 2018,6365.47
BTC,Nov 03 2018,6387.24
BTC,Nov 02 2018,6378.92
BTC,Nov 01 2018,6318.14
BTC,Oct 31 2018,6336.99
BTC,Oct 30 2018,6337.04
BTC,Oct 29 2018,6492.35
BTC,Oct 28 2018,6482.66
BTC,Oct 27 2018,6480.84
BTC,Oct 26 2018,6468.44
BTC,Oct 25 2018,6484.65
BTC,Oct 24 2018,6478.89
BTC,Oct 23 2018,6472.36
BTC,Oct 22 2018,6486.05
BTC,Oct 21 2018,6490.09
BTC,Oct 20 2018,6460.92
BTC,Oct 19 2018,6478.07
BTC,Oct 18 2018,6542.33
BTC,Oct 17 2018,6590.52
BTC,Oct 16 2018,6601.41
BTC,Oct 15 2018,6292.64
BTC,Oct 14 2018,6288.49
BTC,Oct 13 2018,6278.08
BTC,Oct 12 2018,6239.25
BTC,Oct 11 2018,6586.74
BTC,Oct 10 2018,6640.29
BTC,Oct 09 2018,6653.08
BTC,Oct 08 2018,6600.19
BTC,Oct 07 2018,6590.68
BTC,Oct 06 2018,6622.45
BTC,Oct 05 2018,6574.15
BTC,Oct 04 2018,6497.91
BTC,Oct 03 2018,6553.86
BTC,Oct 02 2018,6593.24
BTC,Oct 01 2018,6619.85
BTC,Sep 30 2018,6604.71
BTC,Sep 29 2018,6643.10
BTC,Sep 28 2018,6678.75
BTC,Sep 27 2018,6495.29
BTC,Sep 26 2018,6452.79
BTC,Sep 25 2018,6603.64
BTC,Sep 24 2018,6704.77
BTC,Sep 23 2018,6715.32
BTC,Sep 22 2018,6735.05
BTC,Sep 21 2018,6513.87
BTC,Sep 20 2018,6398.85
BTC,Sep 19 2018,6371.85
BTC,Sep 18 2018,6280.91
BTC,Sep 17 2018,6514.06
BTC,Sep 16 2018,6536.68
BTC,Sep 15 2018,6509.40
BTC,Sep 14 2018,6515.41
BTC,Sep 13 2018,6354.24
BTC,Sep 12 2018,6317.01
BTC,Sep 11 2018,6331.88
BTC,Sep 10 2018,6301.57
BTC,Sep 09 2018,6223.38
BTC,Sep 08 2018,6460.17
BTC,Sep 07 2018,6528.92
BTC,Sep 06 2018,6755.14
BTC,Sep 05 2018,7361.46
BTC,Sep 04 2018,7263.00
BTC,Sep 03 2018,7279.03
BTC,Sep 02 2018,7189.58
BTC,Sep 01 2018,7044.81
BTC,Aug 31 2018,6973.97
BTC,Aug 30 2018,7043.76
BTC,Aug 29 2018,7091.71
BTC,Aug 28 2018,6891.08
BTC,Aug 27 2018,6710.80
BTC,Aug 26 2018,6754.64
BTC,Aug 25 2018,6719.95
BTC,Aug 24 2018,6551.52
BTC,Aug 23 2018,6371.34
BTC,Aug 22 2018,6486.25
BTC,Aug 21 2018,6301.07
BTC,Aug 20 2018,6500.51
BTC,Aug 19 2018,6422.57
BTC,Aug 18 2018,6583.43
BTC,Aug 17 2018,6340.91
BTC,Aug 16 2018,6294.23
BTC,Aug 15 2018,6221.42
BTC,Aug 14 2018,6287.66
BTC,Aug 13 2018,6341.36
BTC,Aug 12 2018,6283.65
BTC,Aug 11 2018,6185.79
BTC,Aug 10 2018,6571.42
BTC,Aug 09 2018,6305.56
BTC,Aug 08 2018,6746.85
BTC,Aug 07 2018,6958.32
BTC,Aug 06 2018,7062.94
BTC,Aug 05 2018,7031.08
BTC,Aug 04 2018,7438.67
BTC,Aug 03 2018,7562.14
BTC,Aug 02 2018,7634.19
BTC,Aug 01 2018,7769.04
BTC,Jul 31 2018,8181.20
BTC,Jul 30 2018,8221.58
BTC,Jul 29 2018,8205.82
BTC,Jul 28 2018,8169.06
BTC,Jul 27 2018,7950.40
BTC,Jul 26 2018,8176.85
BTC,Jul 25 2018,8379.66
BTC,Jul 24 2018,7716.51
BTC,Jul 23 2018,7414.71
BTC,Jul 22 2018,7417.80
BTC,Jul 21 2018,7352.72
BTC,Jul 20 2018,7467.40
BTC,Jul 19 2018,7378.20
BTC,Jul 18 2018,7315.32
BTC,Jul 17 2018,6739.65
BTC,Jul 16 2018,6357.01
BTC,Jul 15 2018,6272.70
BTC,Jul 14 2018,6247.50
BTC,Jul 13 2018,6235.03
BTC,Jul 12 2018,6396.78
BTC,Jul 11 2018,6330.77
BTC,Jul 10 2018,6739.21
BTC,Jul 09 2018,6775.08
BTC,Jul 08 2018,6857.80
BTC,Jul 07 2018,6668.71
BTC,Jul 06 2018,6638.69
BTC,Jul 05 2018,6599.71
BTC,Jul 04 2018,6550.87
BTC,Jul 03 2018,6596.66
BTC,Jul 02 2018,6380.38
BTC,Jul 01 2018,6411.68
BTC,Jun 30 2018,6214.22
BTC,Jun 29 2018,5898.13
BTC,Jun 28 2018,6153.16
BTC,Jun 27 2018,6084.40
BTC,Jun 26 2018,6253.55
BTC,Jun 25 2018,6171.97
BTC,Jun 24 2018,6164.28
BTC,Jun 23 2018,6090.10
BTC,Jun 22 2018,6737.88
BTC,Jun 21 2018,6780.09
BTC,Jun 20 2018,6770.76
BTC,Jun 19 2018,6742.39
BTC,Jun 18 2018,6510.07
BTC,Jun 17 2018,6545.53
BTC,Jun 16 2018,6455.45
BTC,Jun 15 2018,6674.08
BTC,Jun 14 2018,6342.75
BTC,Jun 13 2018,6596.88
BTC,Jun 12 2018,6905.82
BTC,Jun 11 2018,6799.29
BTC,Jun 10 2018,7499.55
BTC,Jun 09 2018,7632.52
BTC,Jun 08 2018,7685.14
BTC,Jun 07 2018,7650.82
BTC,Jun 06 2018,7625.97
BTC,Jun 05 2018,7500.90
BTC,Jun 04 2018,7722.53
BTC,Jun 03 2018,7632.09
BTC,Jun 02 2018,7536.72
BTC,Jun 01 2018,7500.70
BTC,May 31 2018,7406.15
BTC,May 30 2018,7469.73
BTC,May 29 2018,7129.46
BTC,May 28 2018,7371.31
BTC,May 27 2018,7362.08
BTC,May 26 2018,7486.48
BTC,May 25 2018,7592.30
BTC,May 24 2018,7561.12
BTC,May 23 2018,8037.08
BTC,May 22 2018,8419.87
BTC,May 21 2018,8522.33
BTC,May 20 2018,8246.99
BTC,May 19 2018,8255.73
BTC,May 18 2018,8091.83
BTC,May 17 2018,8370.05
BTC,May 16 2018,8504.41
BTC,May 15 2018,8705.19
BTC,May 14 2018,8713.10
BTC,May 13 2018,8515.49
BTC,May 12 2018,8441.44
BTC,May 11 2018,9052.96
BTC,May 10 2018,9325.96
BTC,May 09 2018,9223.73
BTC,May 08 2018,9380.87
BTC,May 07 2018,9645.67
BTC,May 06 2018,9845.31
BTC,May 05 2018,9700.28
BTC,May 04 2018,9695.50
BTC,May 03 2018,9233.97
BTC,May 02 2018,9104.60
BTC,May 01 2018,9251.47
BTC,Apr 30 2018,9426.11
BTC,Apr 29 2018,9346.41
BTC,Apr 28 2018,8939.27
BTC,Apr 27 2018,9290.63
BTC,Apr 26 2018,8867.32
BTC,Apr 25 2018,9701.03
BTC,Apr 24 2018,8934.34
BTC,Apr 23 2018,8794.39
BTC,Apr 22 2018,8925.06
BTC,Apr 21 2018,8848.79
BTC,Apr 20 2018,8286.88
BTC,Apr 19 2018,8159.27
BTC,Apr 18 2018,7944.43
BTC,Apr 17 2018,8071.66
BTC,Apr 16 2018,8337.57
BTC,Apr 15 2018,7999.33
BTC,Apr 14 2018,7874.67
BTC,Apr 13 2018,7901.09
BTC,Apr 12 2018,6955.38
BTC,Apr 11 2018,6843.47
BTC,Apr 10 2018,6795.44
BTC,Apr 09 2018,7044.32
BTC,Apr 08 2018,6919.98
BTC,Apr 07 2018,6630.51
BTC,Apr 06 2018,6815.96
BTC,Apr 05 2018,6848.65
BTC,Apr 04 2018,7456.41
BTC,Apr 03 2018,7102.26
BTC,Apr 02 2018,6844.86
BTC,Apr 01 2018,7003.06
BTC,Mar 31 2018,6892.48
BTC,Mar 30 2018,7171.45
BTC,Mar 29 2018,7979.07
BTC,Mar 28 2018,7836.83
BTC,Mar 27 2018,8200.00
BTC,Mar 26 2018,8498.47
BTC,Mar 25 2018,8612.81
BTC,Mar 24 2018,8901.95
BTC,Mar 23 2018,8736.25
BTC,Mar 22 2018,8939.44
BTC,Mar 21 2018,8937.48
BTC,Mar 20 2018,8619.67
BTC,Mar 19 2018,8344.12
BTC,Mar 18 2018,7890.52
BTC,Mar 17 2018,8321.91
BTC,Mar 16 2018,8322.91
BTC,Mar 15 2018,8290.76
BTC,Mar 14 2018,9214.65
BTC,Mar 13 2018,9173.04
BTC,Mar 12 2018,9602.93
BTC,Mar 11 2018,8852.78
BTC,Mar 10 2018,9350.59
BTC,Mar 09 2018,9414.69
BTC,Mar 08 2018,9951.44
BTC,Mar 07 2018,10803.90
BTC,Mar 06 2018,11500.10
BTC,Mar 05 2018,11532.40
BTC,Mar 04 2018,11497.40
BTC,Mar 03 2018,11101.90
BTC,Mar 02 2018,10977.40
BTC,Mar 01 2018,10385.00
BTC,Feb 28 2018,10687.20
BTC,Feb 27 2018,10393.90
BTC,Feb 26 2018,9669.43
BTC,Feb 25 2018,9796.42
BTC,Feb 24 2018,10287.70
BTC,Feb 23 2018,9937.07
BTC,Feb 22 2018,10660.40
BTC,Feb 21 2018,11372.20
BTC,Feb 20 2018,11231.80
BTC,Feb 19 2018,10552.60
BTC,Feb 18 2018,11123.40
BTC,Feb 17 2018,10207.50
BTC,Feb 16 2018,10135.70
BTC,Feb 15 2018,9488.32
BTC,Feb 14 2018,8599.92
BTC,Feb 13 2018,8926.72
BTC,Feb 12 2018,8141.43
BTC,Feb 11 2018,8616.13
BTC,Feb 10 2018,8720.08
BTC,Feb 09 2018,8271.84
BTC,Feb 08 2018,7637.86
BTC,Feb 07 2018,7755.49
BTC,Feb 06 2018,7051.75
BTC,Feb 05 2018,8270.54
BTC,Feb 04 2018,9175.70
BTC,Feb 03 2018,8852.12
BTC,Feb 02 2018,9142.28
BTC,Feb 01 2018,10237.30
BTC,Jan 31 2018,10108.20
BTC,Jan 30 2018,11306.80
BTC,Jan 29 2018,11755.50
BTC,Jan 28 2018,11475.30
BTC,Jan 27 2018,11174.90
BTC,Jan 26 2018,11256.00
BTC,Jan 25 2018,11421.70
BTC,Jan 24 2018,10903.40
BTC,Jan 23 2018,10944.50
BTC,Jan 22 2018,11633.10
BTC,Jan 21 2018,12889.20
BTC,Jan 20 2018,11656.20
BTC,Jan 19 2018,11429.80
BTC,Jan 18 2018,11198.80
BTC,Jan 17 2018,11431.10
BTC,Jan 16 2018,13836.10
BTC,Jan 15 2018,13767.30
BTC,Jan 14 2018,14370.80
BTC,Jan 13 2018,13952.40
BTC,Jan 12 2018,13453.90
BTC,Jan 11 2018,14968.20
BTC,Jan 10 2018,14588.50
BTC,Jan 09 2018,15123.70
BTC,Jan 08 2018,16476.20
BTC,Jan 07 2018,17527.30
BTC,Jan 06 2018,17462.10
BTC,Jan 05 2018,15477.20
BTC,Jan 04 2018,15270.70
BTC,Jan 03 2018,14978.20
BTC,Jan 02 2018,13625.00
BTC,Jan 01 2018,14112.20
BTC,Dec 31 2017,12897.70
BTC,Dec 30 2017,14681.90
BTC,Dec 29 2017,14695.80
BTC,Dec 28 2017,15864.10
BTC,Dec 27 2017,16163.50
BTC,Dec 26 2017,14036.60
BTC,Dec 25 2017,13995.90
BTC,Dec 24 2017,14608.20
BTC,Dec 23 2017,13948.70
BTC,Dec 22 2017,15898.00
BTC,Dec 21 2017,16642.40
BTC,Dec 20 2017,17760.30
BTC,Dec 19 2017,19118.30
BTC,Dec 18 2017,19106.40
BTC,Dec 17 2017,19475.80
BTC,Dec 16 2017,17760.30
BTC,Dec 15 2017,16601.30
BTC,Dec 14 2017,16384.60
BTC,Dec 13 2017,17500.00
BTC,Dec 12 2017,16919.80
BTC,Dec 11 2017,15427.40
BTC,Dec 10 2017,15168.40
BTC,Dec 09 2017,16523.30
BTC,Dec 08 2017,17802.90
BTC,Dec 07 2017,14266.10
BTC,Dec 06 2017,11923.40
BTC,Dec 05 2017,11685.70
BTC,Dec 04 2017,11315.40
BTC,Dec 03 2017,11082.70
BTC,Dec 02 2017,10978.30
BTC,Dec 01 2017,10198.60
BTC,Nov 30 2017,9906.79
BTC,Nov 29 2017,10077.40
BTC,Nov 28 2017,9823.43
BTC,Nov 27 2017,9352.72
BTC,Nov 26 2017,8789.04
BTC,Nov 25 2017,8241.71
BTC,Nov 24 2017,8074.02
BTC,Nov 23 2017,8232.38
BTC,Nov 22 2017,8077.95
BTC,Nov 21 2017,8205.74
BTC,Nov 20 2017,8039.07
BTC,Nov 19 2017,7766.03
BTC,Nov 18 2017,7697.21
BTC,Nov 17 2017,7853.57
BTC,Nov 16 2017,7323.24
BTC,Nov 15 2017,6634.76
BTC,Nov 14 2017,6561.48
BTC,Nov 13 2017,5938.25
BTC,Nov 12 2017,6295.45
BTC,Nov 11 2017,6618.61
BTC,Nov 10 2017,7173.73
BTC,Nov 09 2017,7446.83
BTC,Nov 08 2017,7141.38
BTC,Nov 07 2017,7023.10
BTC,Nov 06 2017,7403.22
BTC,Nov 05 2017,7404.52
BTC,Nov 04 2017,7164.48
BTC,Nov 03 2017,7087.53
BTC,Nov 02 2017,6777.77
BTC,Nov 01 2017,6440.97
BTC,Oct 31 2017,6132.02
BTC,Oct 30 2017,6114.85
BTC,Oct 29 2017,5754.44
BTC,Oct 28 2017,5787.82
BTC,Oct 27 2017,5899.74
BTC,Oct 26 2017,5747.95
BTC,Oct 25 2017,5524.60
BTC,Oct 24 2017,5935.52
BTC,Oct 23 2017,6006.00
BTC,Oct 22 2017,6036.66
BTC,Oct 21 2017,5996.79
BTC,Oct 20 2017,5708.11
BTC,Oct 19 2017,5583.74
BTC,Oct 18 2017,5603.82
BTC,Oct 17 2017,5741.58
BTC,Oct 16 2017,5687.57
BTC,Oct 15 2017,5835.96
BTC,Oct 14 2017,5643.53
BTC,Oct 13 2017,5464.16
BTC,Oct 12 2017,4829.58
BTC,Oct 11 2017,4789.25
BTC,Oct 10 2017,4776.21
BTC,Oct 09 2017,4614.52
BTC,Oct 08 2017,4429.67
BTC,Oct 07 2017,4369.35
BTC,Oct 06 2017,4324.46
BTC,Oct 05 2017,4229.88
BTC,Oct 04 2017,4319.37
BTC,Oct 03 2017,4408.46
BTC,Oct 02 2017,4395.81
BTC,Oct 01 2017,4341.05
BTC,Sep 30 2017,4166.11
BTC,Sep 29 2017,4171.62
BTC,Sep 28 2017,4197.13
BTC,Sep 27 2017,3892.94
BTC,Sep 26 2017,3928.41
BTC,Sep 25 2017,3681.58
BTC,Sep 24 2017,3796.15
BTC,Sep 23 2017,3629.92
BTC,Sep 22 2017,3628.02
BTC,Sep 21 2017,3901.47
BTC,Sep 20 2017,3916.36
BTC,Sep 19 2017,4073.79
BTC,Sep 18 2017,3591.09
BTC,Sep 17 2017,3606.28
BTC,Sep 16 2017,3637.75
BTC,Sep 15 2017,3166.30
BTC,Sep 14 2017,3875.37
BTC,Sep 13 2017,4131.98
BTC,Sep 12 2017,4168.88
BTC,Sep 11 2017,4122.47
BTC,Sep 10 2017,4229.34
BTC,Sep 09 2017,4229.81
BTC,Sep 08 2017,4605.16
BTC,Sep 07 2017,4589.14
BTC,Sep 06 2017,4376.59
BTC,Sep 05 2017,4228.29
BTC,Sep 04 2017,4591.63
BTC,Sep 03 2017,4585.27
BTC,Sep 02 2017,4901.42
BTC,Sep 01 2017,4701.76
BTC,Aug 31 2017,4555.59
BTC,Aug 30 2017,4570.36
BTC,Aug 29 2017,4389.21
BTC,Aug 28 2017,4384.45
BTC,Aug 27 2017,4345.10
BTC,Aug 26 2017,4372.06
BTC,Aug 25 2017,4332.82
BTC,Aug 24 2017,4137.60
BTC,Aug 23 2017,4089.01
BTC,Aug 22 2017,3998.35
BTC,Aug 21 2017,4090.48
BTC,Aug 20 2017,4189.31
BTC,Aug 19 2017,4137.75
BTC,Aug 18 2017,4324.34
BTC,Aug 17 2017,4384.44
BTC,Aug 16 2017,4200.34
BTC,Aug 15 2017,4326.99
BTC,Aug 14 2017,4066.10
BTC,Aug 13 2017,3880.04
BTC,Aug 12 2017,3650.63
BTC,Aug 11 2017,3373.82
BTC,Aug 10 2017,3341.84
BTC,Aug 09 2017,3420.40
BTC,Aug 08 2017,3370.22
BTC,Aug 07 2017,3212.78
BTC,Aug 06 2017,3257.61
BTC,Aug 05 2017,2897.63
BTC,Aug 04 2017,2806.93
BTC,Aug 03 2017,2709.56
BTC,Aug 02 2017,2727.13
BTC,Aug 01 2017,2871.30
BTC,Jul 31 2017,2763.24
BTC,Jul 30 2017,2724.39
BTC,Jul 29 2017,2807.02
BTC,Jul 28 2017,2679.73
BTC,Jul 27 2017,2538.71
BTC,Jul 26 2017,2577.77
BTC,Jul 25 2017,2757.50
BTC,Jul 24 2017,2732.70
BTC,Jul 23 2017,2808.10
BTC,Jul 22 2017,2668.63
BTC,Jul 21 2017,2838.41
BTC,Jul 20 2017,2269.89
BTC,Jul 19 2017,2323.08
BTC,Jul 18 2017,2233.52
BTC,Jul 17 2017,1932.62
BTC,Jul 16 2017,1991.98
BTC,Jul 15 2017,2230.12
BTC,Jul 14 2017,2360.59
BTC,Jul 13 2017,2402.70
BTC,Jul 12 2017,2332.77
BTC,Jul 11 2017,2385.89
BTC,Jul 10 2017,2525.25
BTC,Jul 09 2017,2572.61
BTC,Jul 08 2017,2520.27
BTC,Jul 07 2017,2608.59
BTC,Jul 06 2017,2608.10
BTC,Jul 05 2017,2602.87
BTC,Jul 04 2017,2561.00
BTC,Jul 03 2017,2498.56
BTC,Jul 02 2017,2436.40
BTC,Jul 01 2017,2492.60
BTC,Jun 30 2017,2539.24
BTC,Jun 29 2017,2567.56
BTC,Jun 28 2017,2553.03
BTC,Jun 27 2017,2478.45
BTC,Jun 26 2017,2590.57
BTC,Jun 25 2017,2607.25
BTC,Jun 24 2017,2738.52
BTC,Jun 23 2017,2707.34
BTC,Jun 22 2017,2691.03
BTC,Jun 21 2017,2709.43
BTC,Jun 20 2017,2591.26
BTC,Jun 19 2017,2549.03
BTC,Jun 18 2017,2655.35
BTC,Jun 17 2017,2514.01
BTC,Jun 16 2017,2469.57
BTC,Jun 15 2017,2499.58
BTC,Jun 14 2017,2716.88
BTC,Jun 13 2017,2680.91
BTC,Jun 12 2017,2953.22
BTC,Jun 11 2017,2942.41
BTC,Jun 10 2017,2828.14
BTC,Jun 09 2017,2807.44
BTC,Jun 08 2017,2720.49
BTC,Jun 07 2017,2869.38
BTC,Jun 06 2017,2690.84
BTC,Jun 05 2017,2512.40
BTC,Jun 04 2017,2547.79
BTC,Jun 03 2017,2493.72
BTC,Jun 02 2017,2404.03
BTC,Jun 01 2017,2288.33
BTC,May 31 2017,2187.19
BTC,May 30 2017,2255.36
BTC,May 29 2017,2159.43
BTC,May 28 2017,2054.08
BTC,May 27 2017,2196.27
BTC,May 26 2017,2320.89
BTC,May 25 2017,2446.24
BTC,May 24 2017,2321.37
BTC,May 23 2017,2191.56
BTC,May 22 2017,2043.19
BTC,May 21 2017,2067.03
BTC,May 20 2017,1984.24
BTC,May 19 2017,1897.37
BTC,May 18 2017,1818.70
BTC,May 17 2017,1726.73
BTC,May 16 2017,1741.70
BTC,May 15 2017,1808.44
BTC,May 14 2017,1800.86
BTC,May 13 2017,1723.12
BTC,May 12 2017,1845.76
BTC,May 11 2017,1780.37
BTC,May 10 2017,1756.52
BTC,May 09 2017,1723.89
BTC,May 08 2017,1596.92
BTC,May 07 2017,1579.47
BTC,May 06 2017,1556.81
BTC,May 05 2017,1540.87
BTC,May 04 2017,1490.72
BTC,May 03 2017,1453.78
BTC,May 02 2017,1421.03
BTC,May 01 2017,1348.30
BTC,Apr 30 2017,1321.87
BTC,Apr 29 2017,1317.84
BTC,Apr 28 2017,1317.74
BTC,Apr 27 2017,1281.88
BTC,Apr 26 2017,1265.99
BTC,Apr 25 2017,1250.45
BTC,Apr 24 2017,1209.63
BTC,Apr 23 2017,1231.92
BTC,Apr 22 2017,1222.71
BTC,Apr 21 2017,1229.42
BTC,Apr 20 2017,1211.08
BTC,Apr 19 2017,1212.13
BTC,Apr 18 2017,1193.77
BTC,Apr 17 2017,1183.25
BTC,Apr 16 2017,1172.61
BTC,Apr 15 2017,1167.30
BTC,Apr 14 2017,1170.33
BTC,Apr 13 2017,1201.02
BTC,Apr 12 2017,1204.81
BTC,Apr 11 2017,1187.46
BTC,Apr 10 2017,1187.30
BTC,Apr 09 2017,1176.57
BTC,Apr 08 2017,1172.65
BTC,Apr 07 2017,1178.94
BTC,Apr 06 2017,1125.81
BTC,Apr 05 2017,1134.14
BTC,Apr 04 2017,1145.52
BTC,Apr 03 2017,1102.95
BTC,Apr 02 2017,1080.61
BTC,Apr 01 2017,1071.71
BTC,Mar 31 2017,1026.64
BTC,Mar 30 2017,1042.21
BTC,Mar 29 2017,1046.08
BTC,Mar 28 2017,1044.58
BTC,Mar 27 2017,972.05
BTC,Mar 26 2017,974.02
BTC,Mar 25 2017,936.54
BTC,Mar 24 2017,1038.45
BTC,Mar 23 2017,1050.05
BTC,Mar 22 2017,1120.65
BTC,Mar 21 2017,1055.36
BTC,Mar 20 2017,1037.24
BTC,Mar 19 2017,976.73
BTC,Mar 18 2017,1099.69
BTC,Mar 17 2017,1180.16
BTC,Mar 16 2017,1251.33
BTC,Mar 15 2017,1240.16
BTC,Mar 14 2017,1232.16
BTC,Mar 13 2017,1221.78
BTC,Mar 12 2017,1176.62
BTC,Mar 11 2017,1116.32
BTC,Mar 10 2017,1189.36
BTC,Mar 09 2017,1150.35
BTC,Mar 08 2017,1223.23
BTC,Mar 07 2017,1273.21
BTC,Mar 06 2017,1267.47
BTC,Mar 05 2017,1254.29
BTC,Mar 04 2017,1277.43
BTC,Mar 03 2017,1250.71
BTC,Mar 02 2017,1224.68
BTC,Mar 01 2017,1180.04
BTC,Feb 28 2017,1180.72
BTC,Feb 27 2017,1163.78
BTC,Feb 26 2017,1144.27
BTC,Feb 25 2017,1170.41
BTC,Feb 24 2017,1172.71
BTC,Feb 23 2017,1117.27
BTC,Feb 22 2017,1114.80
BTC,Feb 21 2017,1079.28
BTC,Feb 20 2017,1048.69
BTC,Feb 19 2017,1054.76
BTC,Feb 18 2017,1049.21
BTC,Feb 17 2017,1026.12
BTC,Feb 16 2017,1007.65
BTC,Feb 15 2017,1006.21
BTC,Feb 14 2017,991.73
BTC,Feb 13 2017,998.89
BTC,Feb 12 2017,1003.52
BTC,Feb 11 2017,988.90
BTC,Feb 10 2017,995.63
BTC,Feb 09 2017,1064.70
BTC,Feb 08 2017,1062.32
BTC,Feb 07 2017,1040.14
BTC,Feb 06 2017,1028.40
BTC,Feb 05 2017,1043.52
BTC,Feb 04 2017,1031.33
BTC,Feb 03 2017,1011.46
BTC,Feb 02 2017,990.00
BTC,Feb 01 2017,970.94
BTC,Jan 31 2017,920.96
BTC,Jan 30 2017,920.15
BTC,Jan 29 2017,922.07
BTC,Jan 28 2017,919.81
BTC,Jan 27 2017,918.36
BTC,Jan 26 2017,902.40
BTC,Jan 25 2017,891.92
BTC,Jan 24 2017,910.68
BTC,Jan 23 2017,925.50
BTC,Jan 22 2017,922.21
BTC,Jan 21 2017,895.55
BTC,Jan 20 2017,898.17
BTC,Jan 19 2017,888.34
BTC,Jan 18 2017,909.37
BTC,Jan 17 2017,830.95
BTC,Jan 16 2017,821.78
BTC,Jan 15 2017,818.14
BTC,Jan 14 2017,825.14
BTC,Jan 13 2017,803.74
BTC,Jan 12 2017,775.18
BTC,Jan 11 2017,908.11
BTC,Jan 10 2017,902.44
BTC,Jan 09 2017,913.24
BTC,Jan 08 2017,908.17
BTC,Jan 07 2017,903.49
BTC,Jan 06 2017,1014.24
BTC,Jan 05 2017,1156.73
BTC,Jan 04 2017,1044.40
BTC,Jan 03 2017,1021.60
BTC,Jan 02 2017,998.62
BTC,Jan 01 2017,963.66
BTC,Dec 31 2016,960.63
BTC,Dec 30 2016,972.53
BTC,Dec 29 2016,975.13
BTC,Dec 28 2016,934.83
BTC,Dec 27 2016,908.35
BTC,Dec 26 2016,896.91
BTC,Dec 25 2016,899.65
BTC,Dec 24 2016,922.18
BTC,Dec 23 2016,864.89
BTC,Dec 22 2016,834.18
BTC,Dec 21 2016,800.64
BTC,Dec 20 2016,792.25
BTC,Dec 19 2016,790.69
BTC,Dec 18 2016,791.01
BTC,Dec 17 2016,785.17
BTC,Dec 16 2016,778.96
BTC,Dec 15 2016,780.07
BTC,Dec 14 2016,780.01
BTC,Dec 13 2016,780.65
BTC,Dec 12 2016,770.04
BTC,Dec 11 2016,774.75
BTC,Dec 10 2016,773.02
BTC,Dec 09 2016,769.94
BTC,Dec 08 2016,768.08
BTC,Dec 07 2016,764.21
BTC,Dec 06 2016,758.72
BTC,Dec 05 2016,773.39
BTC,Dec 04 2016,771.64
BTC,Dec 03 2016,778.25
BTC,Dec 02 2016,757.54
BTC,Dec 01 2016,746.05
BTC,Nov 30 2016,736.28
BTC,Nov 29 2016,736.33
BTC,Nov 28 2016,732.48
BTC,Nov 27 2016,735.44
BTC,Nov 26 2016,741.51
BTC,Nov 25 2016,740.44
BTC,Nov 24 2016,744.62
BTC,Nov 23 2016,751.74
BTC,Nov 22 2016,739.64
BTC,Nov 21 2016,731.27
BTC,Nov 20 2016,751.88
BTC,Nov 19 2016,751.83
BTC,Nov 18 2016,740.71
BTC,Nov 17 2016,744.88
BTC,Nov 16 2016,711.17
BTC,Nov 15 2016,705.79
BTC,Nov 14 2016,702.00
BTC,Nov 13 2016,705.20
BTC,Nov 12 2016,716.75
BTC,Nov 11 2016,715.55
BTC,Nov 10 2016,722.84
BTC,Nov 09 2016,709.83
BTC,Nov 08 2016,703.09
BTC,Nov 07 2016,710.74
BTC,Nov 06 2016,703.81
BTC,Nov 05 2016,703.53
BTC,Nov 04 2016,689.12
BTC,Nov 03 2016,742.35
BTC,Nov 02 2016,730.07
BTC,Nov 01 2016,701.34
BTC,Oct 31 2016,702.64
BTC,Oct 30 2016,714.12
BTC,Oct 29 2016,690.29
BTC,Oct 28 2016,688.00
BTC,Oct 27 2016,678.21
BTC,Oct 26 2016,657.68
BTC,Oct 25 2016,654.00
BTC,Oct 24 2016,657.16
BTC,Oct 23 2016,657.62
BTC,Oct 22 2016,633.14
BTC,Oct 21 2016,630.83
BTC,Oct 20 2016,630.66
BTC,Oct 19 2016,638.13
BTC,Oct 18 2016,639.41
BTC,Oct 17 2016,641.82
BTC,Oct 16 2016,639.08
BTC,Oct 15 2016,640.31
BTC,Oct 14 2016,637.01
BTC,Oct 13 2016,636.03
BTC,Oct 12 2016,640.87
BTC,Oct 11 2016,619.24
BTC,Oct 10 2016,616.82
BTC,Oct 09 2016,619.17
BTC,Oct 08 2016,617.34
BTC,Oct 07 2016,612.61
BTC,Oct 06 2016,612.47
BTC,Oct 05 2016,610.22
BTC,Oct 04 2016,612.05
BTC,Oct 03 2016,610.97
BTC,Oct 02 2016,613.95
BTC,Oct 01 2016,609.93
BTC,Sep 30 2016,605.72
BTC,Sep 29 2016,605.02
BTC,Sep 28 2016,606.24
BTC,Sep 27 2016,608.02
BTC,Sep 26 2016,600.81
BTC,Sep 25 2016,602.75
BTC,Sep 24 2016,602.96
BTC,Sep 23 2016,596.20
BTC,Sep 22 2016,597.28
BTC,Sep 21 2016,603.59
BTC,Sep 20 2016,609.25
BTC,Sep 19 2016,609.87
BTC,Sep 18 2016,606.28
BTC,Sep 17 2016,607.22
BTC,Sep 16 2016,607.25
BTC,Sep 15 2016,610.59
BTC,Sep 14 2016,608.84
BTC,Sep 13 2016,608.03
BTC,Sep 12 2016,607.01
BTC,Sep 11 2016,623.42
BTC,Sep 10 2016,622.93
BTC,Sep 09 2016,626.35
BTC,Sep 08 2016,614.64
BTC,Sep 07 2016,610.57
BTC,Sep 06 2016,606.51
BTC,Sep 05 2016,608.99
BTC,Sep 04 2016,598.59
BTC,Sep 03 2016,575.55
BTC,Sep 02 2016,572.41
BTC,Sep 01 2016,575.55
BTC,Aug 31 2016,577.59
BTC,Aug 30 2016,574.11
BTC,Aug 29 2016,574.07
BTC,Aug 28 2016,569.83
BTC,Aug 27 2016,579.45
BTC,Aug 26 2016,577.75
BTC,Aug 25 2016,580.18
BTC,Aug 24 2016,583.41
BTC,Aug 23 2016,586.77
BTC,Aug 22 2016,581.31
BTC,Aug 21 2016,581.94
BTC,Aug 20 2016,576.08
BTC,Aug 19 2016,574.34
BTC,Aug 18 2016,573.71
BTC,Aug 17 2016,577.76
BTC,Aug 16 2016,567.24
BTC,Aug 15 2016,570.49
BTC,Aug 14 2016,585.59
BTC,Aug 13 2016,587.36
BTC,Aug 12 2016,588.80
BTC,Aug 11 2016,592.12
BTC,Aug 10 2016,587.65
BTC,Aug 09 2016,591.04
BTC,Aug 08 2016,592.74
BTC,Aug 07 2016,587.77
BTC,Aug 06 2016,575.03
BTC,Aug 05 2016,578.28
BTC,Aug 04 2016,566.33
BTC,Aug 03 2016,548.66
BTC,Aug 02 2016,606.40
BTC,Aug 01 2016,624.60
BTC,Jul 31 2016,655.10
BTC,Jul 30 2016,657.01
BTC,Jul 29 2016,655.11
BTC,Jul 28 2016,654.49
BTC,Jul 27 2016,651.63
BTC,Jul 26 2016,654.23
BTC,Jul 25 2016,661.26
BTC,Jul 24 2016,655.41
BTC,Jul 23 2016,650.73
BTC,Jul 22 2016,664.92
BTC,Jul 21 2016,665.23
BTC,Jul 20 2016,672.81
BTC,Jul 19 2016,672.74
BTC,Jul 18 2016,679.81
BTC,Jul 17 2016,661.99
BTC,Jul 16 2016,663.78
BTC,Jul 15 2016,659.17
BTC,Jul 14 2016,652.92
BTC,Jul 13 2016,664.80
BTC,Jul 12 2016,648.28
BTC,Jul 11 2016,648.48
BTC,Jul 10 2016,650.60
BTC,Jul 09 2016,666.38
BTC,Jul 08 2016,640.69
BTC,Jul 07 2016,678.09
BTC,Jul 06 2016,670.42
BTC,Jul 05 2016,683.21
BTC,Jul 04 2016,658.80
BTC,Jul 03 2016,704.97
BTC,Jul 02 2016,676.73
BTC,Jul 01 2016,672.52
BTC,Jun 30 2016,640.59
BTC,Jun 29 2016,644.12
BTC,Jun 28 2016,658.10
BTC,Jun 27 2016,629.35
BTC,Jun 26 2016,665.93
BTC,Jun 25 2016,665.28
BTC,Jun 24 2016,625.58
BTC,Jun 23 2016,597.44
BTC,Jun 22 2016,665.91
BTC,Jun 21 2016,735.88
BTC,Jun 20 2016,763.93
BTC,Jun 19 2016,756.69
BTC,Jun 18 2016,748.76
BTC,Jun 17 2016,768.49
BTC,Jun 16 2016,696.52
BTC,Jun 15 2016,685.68
BTC,Jun 14 2016,704.50
BTC,Jun 13 2016,671.65
BTC,Jun 12 2016,609.68
BTC,Jun 11 2016,578.67
BTC,Jun 10 2016,575.84
BTC,Jun 09 2016,582.20
BTC,Jun 08 2016,577.17
BTC,Jun 07 2016,585.45
BTC,Jun 06 2016,574.60
BTC,Jun 05 2016,573.31
BTC,Jun 04 2016,569.71
BTC,Jun 03 2016,537.68
BTC,Jun 02 2016,536.52
BTC,Jun 01 2016,531.11
BTC,May 31 2016,534.19
BTC,May 30 2016,528.47
BTC,May 29 2016,527.48
BTC,May 28 2016,473.03
BTC,May 27 2016,453.52
BTC,May 26 2016,449.67
BTC,May 25 2016,446.06
BTC,May 24 2016,444.29
BTC,May 23 2016,439.35
BTC,May 22 2016,443.22
BTC,May 21 2016,442.97
BTC,May 20 2016,437.79
BTC,May 19 2016,454.52
BTC,May 18 2016,453.69
BTC,May 17 2016,454.01
BTC,May 16 2016,457.59
BTC,May 15 2016,455.76
BTC,May 14 2016,455.82
BTC,May 13 2016,454.85
BTC,May 12 2016,452.45
BTC,May 11 2016,450.86
BTC,May 10 2016,460.52
BTC,May 09 2016,458.21
BTC,May 08 2016,458.43
BTC,May 07 2016,459.64
BTC,May 06 2016,447.94
BTC,May 05 2016,446.71
BTC,May 04 2016,450.18
BTC,May 03 2016,444.73
BTC,May 02 2016,451.93
BTC,May 01 2016,448.48
BTC,Apr 30 2016,455.18
BTC,Apr 29 2016,449.41
BTC,Apr 28 2016,445.04
BTC,Apr 27 2016,466.26
BTC,Apr 26 2016,461.65
BTC,Apr 25 2016,459.12
BTC,Apr 24 2016,450.56
BTC,Apr 23 2016,445.86
BTC,Apr 22 2016,449.69
BTC,Apr 21 2016,441.42
BTC,Apr 20 2016,435.32
BTC,Apr 19 2016,428.70
BTC,Apr 18 2016,427.61
BTC,Apr 17 2016,430.64
BTC,Apr 16 2016,429.58
BTC,Apr 15 2016,424.43
BTC,Apr 14 2016,423.93
BTC,Apr 13 2016,425.63
BTC,Apr 12 2016,422.84
BTC,Apr 11 2016,421.87
BTC,Apr 10 2016,419.59
BTC,Apr 09 2016,420.81
BTC,Apr 08 2016,422.91
BTC,Apr 07 2016,423.62
BTC,Apr 06 2016,424.28
BTC,Apr 05 2016,421.02
BTC,Apr 04 2016,421.30
BTC,Apr 03 2016,421.17
BTC,Apr 02 2016,418.42
BTC,Apr 01 2016,416.76
BTC,Mar 31 2016,415.26
BTC,Mar 30 2016,416.83
BTC,Mar 29 2016,424.30
BTC,Mar 28 2016,426.55
BTC,Mar 27 2016,418.14
BTC,Mar 26 2016,417.36
BTC,Mar 25 2016,416.51
BTC,Mar 24 2016,418.42
BTC,Mar 23 2016,418.16
BTC,Mar 22 2016,413.13
BTC,Mar 21 2016,413.42
BTC,Mar 20 2016,410.40
BTC,Mar 19 2016,409.27
BTC,Mar 18 2016,420.55
BTC,Mar 17 2016,417.89
BTC,Mar 16 2016,416.89
BTC,Mar 15 2016,416.39
BTC,Mar 14 2016,414.20
BTC,Mar 13 2016,411.65
BTC,Mar 12 2016,421.61
BTC,Mar 11 2016,417.24
BTC,Mar 10 2016,414.74
BTC,Mar 09 2016,413.89
BTC,Mar 08 2016,414.46
BTC,Mar 07 2016,407.76
BTC,Mar 06 2016,400.52
BTC,Mar 05 2016,410.78
BTC,Mar 04 2016,421.84
BTC,Mar 03 2016,423.91
BTC,Mar 02 2016,435.13
BTC,Mar 01 2016,437.92
BTC,Feb 29 2016,433.44
BTC,Feb 28 2016,432.57
BTC,Feb 27 2016,432.84
BTC,Feb 26 2016,424.63
BTC,Feb 25 2016,425.04
BTC,Feb 24 2016,420.96
BTC,Feb 23 2016,438.26
BTC,Feb 22 2016,438.99
BTC,Feb 21 2016,437.77
BTC,Feb 20 2016,421.60
BTC,Feb 19 2016,422.73
BTC,Feb 18 2016,416.57
BTC,Feb 17 2016,407.66
BTC,Feb 16 2016,401.43
BTC,Feb 15 2016,407.57
BTC,Feb 14 2016,392.93
BTC,Feb 13 2016,384.64
BTC,Feb 12 2016,379.69
BTC,Feb 11 2016,382.11
BTC,Feb 10 2016,376.15
BTC,Feb 09 2016,373.42
BTC,Feb 08 2016,376.76
BTC,Feb 07 2016,376.51
BTC,Feb 06 2016,386.59
BTC,Feb 05 2016,388.90
BTC,Feb 04 2016,370.17
BTC,Feb 03 2016,374.65
BTC,Feb 02 2016,372.92
BTC,Feb 01 2016,369.35
BTC,Jan 31 2016,378.29
BTC,Jan 30 2016,378.86
BTC,Jan 29 2016,380.11
BTC,Jan 28 2016,395.15
BTC,Jan 27 2016,392.44
BTC,Jan 26 2016,392.00
BTC,Jan 25 2016,402.32
BTC,Jan 24 2016,388.10
BTC,Jan 23 2016,382.43
BTC,Jan 22 2016,409.75
BTC,Jan 21 2016,419.63
BTC,Jan 20 2016,379.74
BTC,Jan 19 2016,387.03
BTC,Jan 18 2016,381.73
BTC,Jan 17 2016,387.15
BTC,Jan 16 2016,365.07
BTC,Jan 15 2016,430.26
BTC,Jan 14 2016,432.29
BTC,Jan 13 2016,434.67
BTC,Jan 12 2016,448.18
BTC,Jan 11 2016,448.70
BTC,Jan 10 2016,448.24
BTC,Jan 09 2016,453.38
BTC,Jan 08 2016,457.54
BTC,Jan 07 2016,430.01
BTC,Jan 06 2016,431.86
BTC,Jan 05 2016,433.07
BTC,Jan 04 2016,430.06
BTC,Jan 03 2016,433.58
BTC,Jan 02 2016,434.62
BTC,Jan 01 2016,430.72
BTC,Dec 31 2015,425.88
BTC,Dec 30 2015,433.30
BTC,Dec 29 2015,422.10
BTC,Dec 28 2015,423.34
BTC,Dec 27 2015,416.51
BTC,Dec 26 2015,455.76
BTC,Dec 25 2015,454.86
BTC,Dec 24 2015,443.09
BTC,Dec 23 2015,436.72
BTC,Dec 22 2015,437.44
BTC,Dec 21 2015,442.84
BTC,Dec 20 2015,462.23
BTC,Dec 19 2015,463.55
BTC,Dec 18 2015,455.85
BTC,Dec 17 2015,454.78
BTC,Dec 16 2015,465.21
BTC,Dec 15 2015,443.88
BTC,Dec 14 2015,433.27
BTC,Dec 13 2015,431.66
BTC,Dec 12 2015,452.33
BTC,Dec 11 2015,415.28
BTC,Dec 10 2015,417.99
BTC,Dec 09 2015,414.44
BTC,Dec 08 2015,395.75
BTC,Dec 07 2015,389.98
BTC,Dec 06 2015,389.55
BTC,Dec 05 2015,363.72
BTC,Dec 04 2015,361.26
BTC,Dec 03 2015,359.33
BTC,Dec 02 2015,361.85
BTC,Dec 01 2015,377.41
BTC,Nov 30 2015,371.44
BTC,Nov 29 2015,357.47
BTC,Nov 28 2015,357.14
BTC,Nov 27 2015,351.86
BTC,Nov 26 2015,328.30
BTC,Nov 25 2015,320.05
BTC,Nov 24 2015,323.01
BTC,Nov 23 2015,324.35
BTC,Nov 22 2015,326.98
BTC,Nov 21 2015,322.09
BTC,Nov 20 2015,326.41
BTC,Nov 19 2015,334.68
BTC,Nov 18 2015,334.59
BTC,Nov 17 2015,330.36
BTC,Nov 16 2015,319.73
BTC,Nov 15 2015,333.05
BTC,Nov 14 2015,336.62
BTC,Nov 13 2015,338.50
BTC,Nov 12 2015,314.08
BTC,Nov 11 2015,339.82
BTC,Nov 10 2015,379.98
BTC,Nov 09 2015,374.32
BTC,Nov 08 2015,384.28
BTC,Nov 07 2015,374.27
BTC,Nov 06 2015,388.05
BTC,Nov 05 2015,408.08
BTC,Nov 04 2015,403.66
BTC,Nov 03 2015,361.87
BTC,Nov 02 2015,325.94
BTC,Nov 01 2015,315.01
BTC,Oct 31 2015,328.51
BTC,Oct 30 2015,313.94
BTC,Oct 29 2015,304.32
BTC,Oct 28 2015,293.70
BTC,Oct 27 2015,285.18
BTC,Oct 26 2015,283.63
BTC,Oct 25 2015,281.45
BTC,Oct 24 2015,276.50
BTC,Oct 23 2015,273.65
BTC,Oct 22 2015,266.50
BTC,Oct 21 2015,269.31
BTC,Oct 20 2015,263.57
BTC,Oct 19 2015,261.86
BTC,Oct 18 2015,270.91
BTC,Oct 17 2015,262.75
BTC,Oct 16 2015,254.30
BTC,Oct 15 2015,252.11
BTC,Oct 14 2015,249.49
BTC,Oct 13 2015,245.20
BTC,Oct 12 2015,246.88
BTC,Oct 11 2015,244.74
BTC,Oct 10 2015,243.74
BTC,Oct 09 2015,242.50
BTC,Oct 08 2015,243.07
BTC,Oct 07 2015,246.17
BTC,Oct 06 2015,240.36
BTC,Oct 05 2015,238.15
BTC,Oct 04 2015,238.53
BTC,Oct 03 2015,237.20
BTC,Oct 02 2015,237.26
BTC,Oct 01 2015,236.00
BTC,Sep 30 2015,236.64
BTC,Sep 29 2015,239.02
BTC,Sep 28 2015,232.84
BTC,Sep 27 2015,234.14
BTC,Sep 26 2015,235.08
BTC,Sep 25 2015,234.36
BTC,Sep 24 2015,230.36
BTC,Sep 23 2015,230.94
BTC,Sep 22 2015,226.97
BTC,Sep 21 2015,231.22
BTC,Sep 20 2015,231.40
BTC,Sep 19 2015,232.86
BTC,Sep 18 2015,233.52
BTC,Sep 17 2015,229.08
BTC,Sep 16 2015,230.25
BTC,Sep 15 2015,230.49
BTC,Sep 14 2015,230.61
BTC,Sep 13 2015,235.24
BTC,Sep 12 2015,239.85
BTC,Sep 11 2015,238.33
BTC,Sep 10 2015,238.34
BTC,Sep 09 2015,243.41
BTC,Sep 08 2015,239.85
BTC,Sep 07 2015,239.93
BTC,Sep 06 2015,234.87
BTC,Sep 05 2015,230.20
BTC,Sep 04 2015,227.21
BTC,Sep 03 2015,229.32
BTC,Sep 02 2015,228.03
BTC,Sep 01 2015,230.26
BTC,Aug 31 2015,229.11
BTC,Aug 30 2015,229.90
BTC,Aug 29 2015,231.55
BTC,Aug 28 2015,224.70
BTC,Aug 27 2015,226.05
BTC,Aug 26 2015,222.08
BTC,Aug 25 2015,210.07
BTC,Aug 24 2015,228.11
BTC,Aug 23 2015,230.38
BTC,Aug 22 2015,232.66
BTC,Aug 21 2015,235.35
BTC,Aug 20 2015,226.90
BTC,Aug 19 2015,225.67
BTC,Aug 18 2015,257.93
BTC,Aug 17 2015,258.49
BTC,Aug 16 2015,261.87
BTC,Aug 15 2015,265.53
BTC,Aug 14 2015,264.13
BTC,Aug 13 2015,266.18
BTC,Aug 12 2015,270.60
BTC,Aug 11 2015,264.34
BTC,Aug 10 2015,265.48
BTC,Aug 09 2015,261.12
BTC,Aug 08 2015,279.74
BTC,Aug 07 2015,278.74
BTC,Aug 06 2015,281.91
BTC,Aug 05 2015,284.85
BTC,Aug 04 2015,281.23
BTC,Aug 03 2015,282.81
BTC,Aug 02 2015,280.45
BTC,Aug 01 2015,284.69
BTC,Jul 31 2015,287.70
BTC,Jul 30 2015,289.10
BTC,Jul 29 2015,294.48
BTC,Jul 28 2015,293.63
BTC,Jul 27 2015,292.64
BTC,Jul 26 2015,288.64
BTC,Jul 25 2015,288.16
BTC,Jul 24 2015,276.01
BTC,Jul 23 2015,277.34
BTC,Jul 22 2015,275.66
BTC,Jul 21 2015,278.88
BTC,Jul 20 2015,273.50
BTC,Jul 19 2015,274.77
BTC,Jul 18 2015,279.33
BTC,Jul 17 2015,278.09
BTC,Jul 16 2015,286.04
BTC,Jul 15 2015,288.05
BTC,Jul 14 2015,292.03
BTC,Jul 13 2015,310.83
BTC,Jul 12 2015,293.14
BTC,Jul 11 2015,284.88
BTC,Jul 10 2015,269.16
BTC,Jul 09 2015,270.83
BTC,Jul 08 2015,265.98
BTC,Jul 07 2015,269.96
BTC,Jul 06 2015,271.11
BTC,Jul 05 2015,260.80
BTC,Jul 04 2015,256.49
BTC,Jul 03 2015,255.46
BTC,Jul 02 2015,258.55
BTC,Jul 01 2015,263.35
BTC,Jun 30 2015,257.04
BTC,Jun 29 2015,248.72
BTC,Jun 28 2015,250.96
BTC,Jun 27 2015,243.55
BTC,Jun 26 2015,242.60
BTC,Jun 25 2015,240.37
BTC,Jun 24 2015,244.28
BTC,Jun 23 2015,246.93
BTC,Jun 22 2015,243.97
BTC,Jun 21 2015,245.10
BTC,Jun 20 2015,244.53
BTC,Jun 19 2015,249.04
BTC,Jun 18 2015,249.43
BTC,Jun 17 2015,250.82
BTC,Jun 16 2015,236.76
BTC,Jun 15 2015,233.42
BTC,Jun 14 2015,232.44
BTC,Jun 13 2015,229.92
BTC,Jun 12 2015,229.71
BTC,Jun 11 2015,228.85
BTC,Jun 10 2015,228.99
BTC,Jun 09 2015,228.54
BTC,Jun 08 2015,222.88
BTC,Jun 07 2015,225.60
BTC,Jun 06 2015,225.01
BTC,Jun 05 2015,224.15
BTC,Jun 04 2015,225.77
BTC,Jun 03 2015,225.74
BTC,Jun 02 2015,222.89
BTC,Jun 01 2015,230.23
BTC,May 31 2015,233.13
BTC,May 30 2015,237.09
BTC,May 29 2015,237.38
BTC,May 28 2015,237.26
BTC,May 27 2015,237.07
BTC,May 26 2015,237.10
BTC,May 25 2015,240.93
BTC,May 24 2015,238.98
BTC,May 23 2015,240.29
BTC,May 22 2015,235.32
BTC,May 21 2015,234.02
BTC,May 20 2015,231.89
BTC,May 19 2015,233.04
BTC,May 18 2015,236.89
BTC,May 17 2015,236.01
BTC,May 16 2015,237.64
BTC,May 15 2015,236.96
BTC,May 14 2015,236.21
BTC,May 13 2015,241.40
BTC,May 12 2015,242.15
BTC,May 11 2015,240.30
BTC,May 10 2015,241.73
BTC,May 09 2015,243.77
BTC,May 08 2015,237.20
BTC,May 07 2015,229.66
BTC,May 06 2015,236.25
BTC,May 05 2015,238.85
BTC,May 04 2015,240.36
BTC,May 03 2015,234.88
BTC,May 02 2015,232.34
BTC,May 01 2015,235.94
BTC,Apr 30 2015,225.69
BTC,Apr 29 2015,225.59
BTC,Apr 28 2015,228.97
BTC,Apr 27 2015,219.43
BTC,Apr 26 2015,226.41
BTC,Apr 25 2015,231.24
BTC,Apr 24 2015,235.97
BTC,Apr 23 2015,234.05
BTC,Apr 22 2015,235.60
BTC,Apr 21 2015,224.62
BTC,Apr 20 2015,222.61
BTC,Apr 19 2015,223.46
BTC,Apr 18 2015,222.85
BTC,Apr 17 2015,228.57
BTC,Apr 16 2015,223.92
BTC,Apr 15 2015,219.07
BTC,Apr 14 2015,224.76
BTC,Apr 13 2015,235.95
BTC,Apr 12 2015,236.54
BTC,Apr 11 2015,236.02
BTC,Apr 10 2015,243.69
BTC,Apr 09 2015,244.75
BTC,Apr 08 2015,253.06
BTC,Apr 07 2015,255.27
BTC,Apr 06 2015,260.72
BTC,Apr 05 2015,253.76
BTC,Apr 04 2015,254.29
BTC,Apr 03 2015,253.07
BTC,Apr 02 2015,247.09
BTC,Apr 01 2015,244.22
BTC,Mar 31 2015,247.45
BTC,Mar 30 2015,242.88
BTC,Mar 29 2015,252.74
BTC,Mar 28 2015,246.98
BTC,Mar 27 2015,248.57
BTC,Mar 26 2015,246.28
BTC,Mar 25 2015,247.47
BTC,Mar 24 2015,266.58
BTC,Mar 23 2015,267.89
BTC,Mar 22 2015,259.92
BTC,Mar 21 2015,261.64
BTC,Mar 20 2015,260.96
BTC,Mar 19 2015,255.88
BTC,Mar 18 2015,285.07
BTC,Mar 17 2015,290.60
BTC,Mar 16 2015,285.68
BTC,Mar 15 2015,281.42
BTC,Mar 14 2015,284.44
BTC,Mar 13 2015,294.12
BTC,Mar 12 2015,296.13
BTC,Mar 11 2015,291.52
BTC,Mar 10 2015,289.86
BTC,Mar 09 2015,274.81
BTC,Mar 08 2015,276.43
BTC,Mar 07 2015,272.29
BTC,Mar 06 2015,275.60
BTC,Mar 05 2015,272.74
BTC,Mar 04 2015,281.99
BTC,Mar 03 2015,275.05
BTC,Mar 02 2015,260.36
BTC,Mar 01 2015,254.28
BTC,Feb 28 2015,253.52
BTC,Feb 27 2015,236.44
BTC,Feb 26 2015,237.34
BTC,Feb 25 2015,238.89
BTC,Feb 24 2015,239.00
BTC,Feb 23 2015,235.99
BTC,Feb 22 2015,244.54
BTC,Feb 21 2015,243.75
BTC,Feb 20 2015,240.25
BTC,Feb 19 2015,236.41
BTC,Feb 18 2015,243.78
BTC,Feb 17 2015,233.42
BTC,Feb 16 2015,234.82
BTC,Feb 15 2015,257.51
BTC,Feb 14 2015,235.53
BTC,Feb 13 2015,221.97
BTC,Feb 12 2015,219.21
BTC,Feb 11 2015,219.73
BTC,Feb 10 2015,220.28
BTC,Feb 09 2015,223.39
BTC,Feb 08 2015,227.69
BTC,Feb 07 2015,222.63
BTC,Feb 06 2015,216.92
BTC,Feb 05 2015,227.66
BTC,Feb 04 2015,227.51
BTC,Feb 03 2015,237.45
BTC,Feb 02 2015,226.49
BTC,Feb 01 2015,216.87
BTC,Jan 31 2015,226.44
BTC,Jan 30 2015,232.77
BTC,Jan 29 2015,233.35
BTC,Jan 28 2015,263.35
BTC,Jan 27 2015,273.17
BTC,Jan 26 2015,254.08
BTC,Jan 25 2015,247.35
BTC,Jan 24 2015,232.70
BTC,Jan 23 2015,233.52
BTC,Jan 22 2015,227.32
BTC,Jan 21 2015,211.38
BTC,Jan 20 2015,212.91
BTC,Jan 19 2015,211.47
BTC,Jan 18 2015,200.05
BTC,Jan 17 2015,207.83
BTC,Jan 16 2015,209.07
BTC,Jan 15 2015,176.90
BTC,Jan 14 2015,223.89
BTC,Jan 13 2015,267.39
BTC,Jan 12 2015,266.15
BTC,Jan 11 2015,274.61
BTC,Jan 10 2015,287.30
BTC,Jan 09 2015,282.38
BTC,Jan 08 2015,294.14
BTC,Jan 07 2015,286.08
BTC,Jan 06 2015,274.61
BTC,Jan 05 2015,265.08
BTC,Jan 04 2015,281.15
BTC,Jan 03 2015,314.85
BTC,Jan 02 2015,314.08
BTC,Jan 01 2015,320.43
BTC,Dec 31 2014,310.91
BTC,Dec 30 2014,312.72
BTC,Dec 29 2014,317.70
BTC,Dec 28 2014,316.16
BTC,Dec 27 2014,327.58
BTC,Dec 26 2014,319.15
BTC,Dec 25 2014,322.29
BTC,Dec 24 2014,334.39
BTC,Dec 23 2014,332.02
BTC,Dec 22 2014,321.07
BTC,Dec 21 2014,329.54
BTC,Dec 20 2014,317.62
BTC,Dec 19 2014,311.18
BTC,Dec 18 2014,319.79
BTC,Dec 17 2014,326.86
BTC,Dec 16 2014,345.67
BTC,Dec 15 2014,351.36
BTC,Dec 14 2014,346.73
BTC,Dec 13 2014,352.38
BTC,Dec 12 2014,350.83
BTC,Dec 11 2014,344.34
BTC,Dec 10 2014,352.20
BTC,Dec 09 2014,361.89
BTC,Dec 08 2014,374.96
BTC,Dec 07 2014,374.84
BTC,Dec 06 2014,376.76
BTC,Dec 05 2014,369.44
BTC,Dec 04 2014,375.72
BTC,Dec 03 2014,381.72
BTC,Dec 02 2014,379.25
BTC,Dec 01 2014,378.25
BTC,Nov 30 2014,375.51
BTC,Nov 29 2014,376.15
BTC,Nov 28 2014,369.37
BTC,Nov 27 2014,370.50
BTC,Nov 26 2014,376.02
BTC,Nov 25 2014,376.89
BTC,Nov 24 2014,366.95
BTC,Nov 23 2014,353.17
BTC,Nov 22 2014,351.60
BTC,Nov 21 2014,357.88
BTC,Nov 20 2014,380.31
BTC,Nov 19 2014,373.90
BTC,Nov 18 2014,387.79
BTC,Nov 17 2014,388.35
BTC,Nov 16 2014,374.73
BTC,Nov 15 2014,399.65
BTC,Nov 14 2014,418.42
BTC,Nov 13 2014,427.27
BTC,Nov 12 2014,367.98
BTC,Nov 11 2014,365.86
BTC,Nov 10 2014,362.27
BTC,Nov 09 2014,345.38
BTC,Nov 08 2014,342.15
BTC,Nov 07 2014,349.82
BTC,Nov 06 2014,339.46
BTC,Nov 05 2014,330.68
BTC,Nov 04 2014,327.16
BTC,Nov 03 2014,325.57
BTC,Nov 02 2014,326.08
BTC,Nov 01 2014,338.65
BTC,Oct 31 2014,345.01
BTC,Oct 30 2014,335.71
BTC,Oct 29 2014,357.09
BTC,Oct 28 2014,353.21
BTC,Oct 27 2014,354.78
BTC,Oct 26 2014,347.49
BTC,Oct 25 2014,358.61
BTC,Oct 24 2014,358.59
BTC,Oct 23 2014,382.96
BTC,Oct 22 2014,386.12
BTC,Oct 21 2014,382.42
BTC,Oct 20 2014,389.23
BTC,Oct 19 2014,391.25
BTC,Oct 18 2014,383.98
BTC,Oct 17 2014,382.76
BTC,Oct 16 2014,394.52
BTC,Oct 15 2014,400.95
BTC,Oct 14 2014,391.69
BTC,Oct 13 2014,377.92
BTC,Oct 12 2014,362.61
BTC,Oct 11 2014,361.36
BTC,Oct 10 2014,364.69
BTC,Oct 09 2014,352.75
BTC,Oct 08 2014,336.12
BTC,Oct 07 2014,330.58
BTC,Oct 06 2014,320.39
BTC,Oct 05 2014,328.92
BTC,Oct 04 2014,359.89
BTC,Oct 03 2014,375.18
BTC,Oct 02 2014,383.99
BTC,Oct 01 2014,387.43
BTC,Sep 30 2014,376.09
BTC,Sep 29 2014,376.93
BTC,Sep 28 2014,399.47
BTC,Sep 27 2014,403.56
BTC,Sep 26 2014,411.43
BTC,Sep 25 2014,423.16
BTC,Sep 24 2014,435.75
BTC,Sep 23 2014,402.09
BTC,Sep 22 2014,399.10
BTC,Sep 21 2014,408.08
BTC,Sep 20 2014,394.67
BTC,Sep 19 2014,424.10
BTC,Sep 18 2014,456.86
BTC,Sep 17 2014,465.86
BTC,Sep 16 2014,474.86
BTC,Sep 15 2014,477.77
BTC,Sep 14 2014,479.12
BTC,Sep 13 2014,477.79
BTC,Sep 12 2014,479.58
BTC,Sep 11 2014,479.62
BTC,Sep 10 2014,475.48
BTC,Sep 09 2014,474.88
BTC,Sep 08 2014,481.81
BTC,Sep 07 2014,485.13
BTC,Sep 06 2014,483.34
BTC,Sep 05 2014,489.67
BTC,Sep 04 2014,477.68
BTC,Sep 03 2014,476.87
BTC,Sep 02 2014,474.48
BTC,Sep 01 2014,477.79
BTC,Aug 31 2014,502.90
BTC,Aug 30 2014,508.59
BTC,Aug 29 2014,508.42
BTC,Aug 28 2014,510.88
BTC,Aug 27 2014,512.19
BTC,Aug 26 2014,502.54
BTC,Aug 25 2014,508.22
BTC,Aug 24 2014,498.29
BTC,Aug 23 2014,513.39
BTC,Aug 22 2014,517.58
BTC,Aug 21 2014,510.45
BTC,Aug 20 2014,485.07
BTC,Aug 19 2014,461.48
BTC,Aug 18 2014,491.51
BTC,Aug 17 2014,519.14
BTC,Aug 16 2014,497.83
BTC,Aug 15 2014,511.14
BTC,Aug 14 2014,546.18
BTC,Aug 13 2014,570.38
BTC,Aug 12 2014,576.51
BTC,Aug 11 2014,591.28
BTC,Aug 10 2014,589.17
BTC,Aug 09 2014,592.47
BTC,Aug 08 2014,588.88
BTC,Aug 07 2014,584.65
BTC,Aug 06 2014,585.95
BTC,Aug 05 2014,589.01
BTC,Aug 04 2014,586.23
BTC,Aug 03 2014,588.89
BTC,Aug 02 2014,594.90
BTC,Aug 01 2014,586.20
BTC,Jul 31 2014,567.37
BTC,Jul 30 2014,584.74
BTC,Jul 29 2014,585.55
BTC,Jul 28 2014,594.14
BTC,Jul 27 2014,595.67
BTC,Jul 26 2014,601.54
BTC,Jul 25 2014,601.51
BTC,Jul 24 2014,619.50
BTC,Jul 23 2014,621.12
BTC,Jul 22 2014,622.27
BTC,Jul 21 2014,623.95
BTC,Jul 20 2014,628.56
BTC,Jul 19 2014,629.17
BTC,Jul 18 2014,622.37
BTC,Jul 17 2014,616.54
BTC,Jul 16 2014,622.01
BTC,Jul 15 2014,620.00
BTC,Jul 14 2014,626.56
BTC,Jul 13 2014,634.22
BTC,Jul 12 2014,631.88
BTC,Jul 11 2014,616.66
BTC,Jul 10 2014,624.83
BTC,Jul 09 2014,625.22
BTC,Jul 08 2014,622.57
BTC,Jul 07 2014,635.46
BTC,Jul 06 2014,631.77
BTC,Jul 05 2014,629.95
BTC,Jul 04 2014,644.65
BTC,Jul 03 2014,650.77
BTC,Jul 02 2014,641.04
BTC,Jul 01 2014,641.39
BTC,Jun 30 2014,602.62
BTC,Jun 29 2014,596.33
BTC,Jun 28 2014,599.08
BTC,Jun 27 2014,581.30
BTC,Jun 26 2014,566.14
BTC,Jun 25 2014,581.81
BTC,Jun 24 2014,593.97
BTC,Jun 23 2014,602.16
BTC,Jun 22 2014,595.90
BTC,Jun 21 2014,593.68
BTC,Jun 20 2014,597.40
BTC,Jun 19 2014,608.07
BTC,Jun 18 2014,609.77
BTC,Jun 17 2014,591.59
BTC,Jun 16 2014,592.65
BTC,Jun 15 2014,575.93
BTC,Jun 14 2014,600.75
BTC,Jun 13 2014,585.70
BTC,Jun 12 2014,633.43
BTC,Jun 11 2014,653.19
BTC,Jun 10 2014,650.04
BTC,Jun 09 2014,655.64
BTC,Jun 08 2014,654.99
BTC,Jun 07 2014,653.52
BTC,Jun 06 2014,659.28
BTC,Jun 05 2014,641.07
BTC,Jun 04 2014,666.77
BTC,Jun 03 2014,660.55
BTC,Jun 02 2014,629.65
BTC,Jun 01 2014,623.69
BTC,May 31 2014,615.69
BTC,May 30 2014,568.18
BTC,May 29 2014,576.33
BTC,May 28 2014,571.91
BTC,May 27 2014,582.59
BTC,May 26 2014,571.39
BTC,May 25 2014,525.23
BTC,May 24 2014,521.05
BTC,May 23 2014,525.72
BTC,May 22 2014,492.05
BTC,May 21 2014,485.80
BTC,May 20 2014,446.30
BTC,May 19 2014,446.08
BTC,May 18 2014,448.70
BTC,May 17 2014,448.12
BTC,May 16 2014,447.39
BTC,May 15 2014,444.14
BTC,May 14 2014,440.59
BTC,May 13 2014,441.53
BTC,May 12 2014,438.30
BTC,May 11 2014,453.92
BTC,May 10 2014,450.46
BTC,May 09 2014,440.18
BTC,May 08 2014,438.68
BTC,May 07 2014,429.34
BTC,May 06 2014,433.36
BTC,May 05 2014,434.78
BTC,May 04 2014,438.52
BTC,May 03 2014,449.40
BTC,May 02 2014,457.36
BTC,May 01 2014,447.63
BTC,Apr 30 2014,446.89
BTC,Apr 29 2014,439.98
BTC,Apr 28 2014,430.72
BTC,Apr 27 2014,457.24
BTC,Apr 26 2014,461.70
BTC,Apr 25 2014,500.09
BTC,Apr 24 2014,490.83
BTC,Apr 23 2014,488.36
BTC,Apr 22 2014,495.45
BTC,Apr 21 2014,497.74
BTC,Apr 20 2014,501.75
BTC,Apr 19 2014,479.58
BTC,Apr 18 2014,495.80
BTC,Apr 17 2014,529.07
BTC,Apr 16 2014,522.18
BTC,Apr 15 2014,458.37
BTC,Apr 14 2014,414.83
BTC,Apr 13 2014,421.46
BTC,Apr 12 2014,420.89
BTC,Apr 11 2014,363.71
BTC,Apr 10 2014,442.26
BTC,Apr 09 2014,453.18
BTC,Apr 08 2014,447.61
BTC,Apr 07 2014,461.47
BTC,Apr 06 2014,463.40
BTC,Apr 05 2014,446.67
BTC,Apr 04 2014,445.66
BTC,Apr 03 2014,436.44
BTC,Apr 02 2014,479.14
BTC,Apr 01 2014,457.00
BTC,Mar 31 2014,462.30
BTC,Mar 30 2014,492.37
BTC,Mar 29 2014,501.71
BTC,Mar 28 2014,477.14
BTC,Mar 27 2014,580.26
BTC,Mar 26 2014,583.48
BTC,Mar 25 2014,585.03
BTC,Mar 24 2014,562.51
BTC,Mar 23 2014,565.76
BTC,Mar 22 2014,571.18
BTC,Mar 21 2014,588.29
BTC,Mar 20 2014,609.74
BTC,Mar 19 2014,613.90
BTC,Mar 18 2014,621.84
BTC,Mar 17 2014,630.92
BTC,Mar 16 2014,636.50
BTC,Mar 15 2014,629.37
BTC,Mar 14 2014,638.14
BTC,Mar 13 2014,633.62
BTC,Mar 12 2014,631.91
BTC,Mar 11 2014,627.95
BTC,Mar 10 2014,636.33
BTC,Mar 09 2014,616.31
BTC,Mar 08 2014,629.66
BTC,Mar 07 2014,664.31
BTC,Mar 06 2014,664.52
BTC,Mar 05 2014,666.24
BTC,Mar 04 2014,668.24
BTC,Mar 03 2014,562.56
BTC,Mar 02 2014,567.23
BTC,Mar 01 2014,549.92
BTC,Feb 28 2014,579.70
BTC,Feb 27 2014,581.65
BTC,Feb 26 2014,537.04
BTC,Feb 25 2014,540.24
BTC,Feb 24 2014,606.04
BTC,Feb 23 2014,606.47
BTC,Feb 22 2014,574.24
BTC,Feb 21 2014,556.88
BTC,Feb 20 2014,623.09
BTC,Feb 19 2014,625.97
BTC,Feb 18 2014,627.16
BTC,Feb 17 2014,614.23
BTC,Feb 16 2014,651.30
BTC,Feb 15 2014,660.90
BTC,Feb 14 2014,601.17
BTC,Feb 13 2014,651.08
BTC,Feb 12 2014,672.38
BTC,Feb 11 2014,683.50
BTC,Feb 10 2014,681.32
BTC,Feb 09 2014,671.46
BTC,Feb 08 2014,699.57
BTC,Feb 07 2014,783.20
BTC,Feb 06 2014,815.59
BTC,Feb 05 2014,829.96
BTC,Feb 04 2014,823.77
BTC,Feb 03 2014,824.08
BTC,Feb 02 2014,832.90
BTC,Feb 01 2014,828.61
BTC,Jan 31 2014,818.43
BTC,Jan 30 2014,826.02
BTC,Jan 29 2014,809.96
BTC,Jan 28 2014,774.02
BTC,Jan 27 2014,884.60
BTC,Jan 26 2014,853.68
BTC,Jan 25 2014,796.24
BTC,Jan 24 2014,822.43
BTC,Jan 23 2014,845.46
BTC,Jan 22 2014,867.21
BTC,Jan 21 2014,869.65
BTC,Jan 20 2014,871.39
BTC,Jan 19 2014,839.66
BTC,Jan 18 2014,816.07
BTC,Jan 17 2014,834.49
BTC,Jan 16 2014,860.29
BTC,Jan 15 2014,833.12
BTC,Jan 14 2014,843.17
BTC,Jan 13 2014,860.19
BTC,Jan 12 2014,919.60
BTC,Jan 11 2014,867.32
BTC,Jan 10 2014,846.69
BTC,Jan 09 2014,841.47
BTC,Jan 08 2014,795.99
BTC,Jan 07 2014,946.49
BTC,Jan 06 2014,936.05
BTC,Jan 05 2014,858.55
BTC,Jan 04 2014,823.27
BTC,Jan 03 2014,802.85
BTC,Jan 02 2014,773.44
BTC,Jan 01 2014,754.97
BTC,Dec 31 2013,760.32
BTC,Dec 30 2013,741.35
BTC,Dec 29 2013,728.05
BTC,Dec 28 2013,737.98
BTC,Dec 27 2013,763.28
BTC,Dec 26 2013,683.94
BTC,Dec 25 2013,666.31
BTC,Dec 24 2013,672.36
BTC,Dec 23 2013,613.06
BTC,Dec 22 2013,601.78
BTC,Dec 21 2013,619.90
BTC,Dec 20 2013,694.22
BTC,Dec 19 2013,519.06
BTC,Dec 18 2013,678.20
BTC,Dec 17 2013,706.37
BTC,Dec 16 2013,880.33
BTC,Dec 15 2013,875.29
BTC,Dec 14 2013,899.85
BTC,Dec 13 2013,874.98
BTC,Dec 12 2013,882.78
BTC,Dec 11 2013,989.07
BTC,Dec 10 2013,892.32
BTC,Dec 09 2013,793.80
BTC,Dec 08 2013,697.31
BTC,Dec 07 2013,835.32
BTC,Dec 06 2013,1042.38
BTC,Dec 05 2013,1152.73
BTC,Dec 04 2013,1077.58
BTC,Dec 03 2013,1046.40
BTC,Dec 02 2013,951.42
BTC,Dec 01 2013,1128.92
BTC,Nov 30 2013,1129.37
BTC,Nov 29 2013,1042.01
BTC,Nov 28 2013,1003.38
BTC,Nov 27 2013,923.85
BTC,Nov 26 2013,805.73
BTC,Nov 25 2013,773.02
BTC,Nov 24 2013,795.63
BTC,Nov 23 2013,771.70
BTC,Nov 22 2013,724.07
BTC,Nov 21 2013,594.32
BTC,Nov 20 2013,577.98
BTC,Nov 19 2013,712.76
BTC,Nov 18 2013,496.58
BTC,Nov 17 2013,440.96
BTC,Nov 16 2013,417.28
BTC,Nov 15 2013,419.41
BTC,Nov 14 2013,406.41
BTC,Nov 13 2013,360.97
BTC,Nov 12 2013,343.06
BTC,Nov 11 2013,325.41
BTC,Nov 10 2013,348.82
BTC,Nov 09 2013,338.58
BTC,Nov 08 2013,297.85
BTC,Nov 07 2013,261.68
BTC,Nov 06 2013,244.78
BTC,Nov 05 2013,229.21
BTC,Nov 04 2013,214.66
BTC,Nov 03 2013,205.99
BTC,Nov 02 2013,205.81
BTC,Nov 01 2013,203.90
BTC,Oct 31 2013,199.83
BTC,Oct 30 2013,204.39
BTC,Oct 29 2013,198.55
BTC,Oct 28 2013,196.21
BTC,Oct 27 2013,176.60
BTC,Oct 26 2013,187.45
BTC,Oct 25 2013,197.69
BTC,Oct 24 2013,214.30
BTC,Oct 23 2013,193.36
BTC,Oct 22 2013,182.65
BTC,Oct 21 2013,174.80
BTC,Oct 20 2013,171.66
BTC,Oct 19 2013,155.91
BTC,Oct 18 2013,146.37
BTC,Oct 17 2013,142.41
BTC,Oct 16 2013,145.65
BTC,Oct 15 2013,140.77
BTC,Oct 14 2013,139.27
BTC,Oct 13 2013,135.19
BTC,Oct 12 2013,130.90
BTC,Oct 11 2013,130.75
BTC,Oct 10 2013,130.67
BTC,Oct 09 2013,125.85
BTC,Oct 08 2013,126.74
BTC,Oct 07 2013,129.43
BTC,Oct 06 2013,128.36
BTC,Oct 05 2013,128.63
BTC,Oct 04 2013,123.41
BTC,Oct 03 2013,114.45
BTC,Oct 02 2013,132.05
BTC,Oct 01 2013,132.68
BTC,Sep 30 2013,137.15
BTC,Sep 29 2013,134.90
BTC,Sep 28 2013,133.77
BTC,Sep 27 2013,128.94
BTC,Sep 26 2013,128.21
BTC,Sep 25 2013,127.38
BTC,Sep 24 2013,126.05
BTC,Sep 23 2013,128.98
BTC,Sep 22 2013,127.87
BTC,Sep 21 2013,126.95
BTC,Sep 20 2013,129.70
BTC,Sep 19 2013,131.37
BTC,Sep 18 2013,131.71
BTC,Sep 17 2013,131.59
BTC,Sep 16 2013,130.86
BTC,Sep 15 2013,129.40
BTC,Sep 14 2013,135.01
BTC,Sep 13 2013,132.83
BTC,Sep 12 2013,135.55
BTC,Sep 11 2013,125.89
BTC,Sep 10 2013,127.27
BTC,Sep 09 2013,121.86
BTC,Sep 08 2013,124.13
BTC,Sep 07 2013,118.89
BTC,Sep 06 2013,126.49
BTC,Sep 05 2013,126.76
BTC,Sep 04 2013,136.53
BTC,Sep 03 2013,135.61
BTC,Sep 02 2013,138.63
BTC,Sep 01 2013,135.14
BTC,Aug 31 2013,133.09
BTC,Aug 30 2013,122.35
BTC,Aug 29 2013,122.62
BTC,Aug 28 2013,126.48
BTC,Aug 27 2013,120.07
BTC,Aug 26 2013,122.11
BTC,Aug 25 2013,119.60
BTC,Aug 24 2013,118.51
BTC,Aug 23 2013,122.00
BTC,Aug 22 2013,123.30
BTC,Aug 21 2013,121.21
BTC,Aug 20 2013,119.00
BTC,Aug 19 2013,113.38
BTC,Aug 18 2013,112.75
BTC,Aug 17 2013,108.99
BTC,Aug 16 2013,110.00
BTC,Aug 15 2013,112.56
BTC,Aug 14 2013,109.56
BTC,Aug 13 2013,106.99
BTC,Aug 12 2013,105.00
BTC,Aug 11 2013,103.00
BTC,Aug 10 2013,102.80
BTC,Aug 09 2013,103.07
BTC,Aug 08 2013,106.75
BTC,Aug 07 2013,106.75
BTC,Aug 06 2013,106.72
BTC,Aug 05 2013,105.12
BTC,Aug 04 2013,104.95
BTC,Aug 03 2013,104.50
BTC,Aug 02 2013,104.86
BTC,Aug 01 2013,106.21
BTC,Jul 31 2013,107.95
BTC,Jul 30 2013,101.49
BTC,Jul 29 2013,98.60
BTC,Jul 28 2013,94.40
BTC,Jul 27 2013,96.02
BTC,Jul 26 2013,96.95
BTC,Jul 25 2013,94.50
BTC,Jul 24 2013,95.56
BTC,Jul 23 2013,91.60
BTC,Jul 22 2013,92.00
BTC,Jul 21 2013,89.82
BTC,Jul 20 2013,92.00
BTC,Jul 19 2013,90.07
BTC,Jul 18 2013,98.50
BTC,Jul 17 2013,96.71
BTC,Jul 16 2013,98.89
BTC,Jul 15 2013,93.61
BTC,Jul 14 2013,98.70
BTC,Jul 13 2013,93.99
BTC,Jul 12 2013,88.98
BTC,Jul 11 2013,88.00
BTC,Jul 10 2013,76.72
BTC,Jul 09 2013,76.00
BTC,Jul 08 2013,76.50
BTC,Jul 07 2013,68.75
BTC,Jul 06 2013,68.50
BTC,Jul 05 2013,79.99
BTC,Jul 04 2013,78.89
BTC,Jul 03 2013,90.40
BTC,Jul 02 2013,88.05
BTC,Jul 01 2013,97.51
BTC,Jun 30 2013,95.00
BTC,Jun 29 2013,94.66
BTC,Jun 28 2013,101.74
BTC,Jun 27 2013,104.00
BTC,Jun 26 2013,103.33
BTC,Jun 25 2013,102.09
BTC,Jun 24 2013,107.90
BTC,Jun 23 2013,108.20
BTC,Jun 22 2013,109.50
BTC,Jun 21 2013,111.29
BTC,Jun 20 2013,108.25
BTC,Jun 19 2013,107.05
BTC,Jun 18 2013,101.95
BTC,Jun 17 2013,99.90
BTC,Jun 16 2013,99.80
BTC,Jun 15 2013,100.00
BTC,Jun 14 2013,103.95
BTC,Jun 13 2013,108.78
BTC,Jun 12 2013,109.00
BTC,Jun 11 2013,106.35
BTC,Jun 10 2013,100.44
BTC,Jun 09 2013,107.89
BTC,Jun 08 2013,111.00
BTC,Jun 07 2013,118.97
BTC,Jun 06 2013,121.90
BTC,Jun 05 2013,121.40
BTC,Jun 04 2013,120.74
BTC,Jun 03 2013,122.50
BTC,Jun 02 2013,129.30
BTC,Jun 01 2013,128.82
BTC,May 31 2013,128.80
BTC,May 30 2013,132.25
BTC,May 29 2013,129.00
BTC,May 28 2013,129.77
BTC,May 27 2013,133.50
BTC,May 26 2013,131.99
BTC,May 25 2013,133.10
BTC,May 24 2013,126.30
BTC,May 23 2013,123.80
BTC,May 22 2013,122.89
BTC,May 21 2013,122.02
BTC,May 20 2013,122.50
BTC,May 19 2013,123.21
BTC,May 18 2013,123.50
BTC,May 17 2013,118.21
BTC,May 16 2013,114.22
BTC,May 15 2013,111.40
BTC,May 14 2013,117.98
BTC,May 13 2013,114.82
BTC,May 12 2013,115.64
BTC,May 11 2013,117.70
BTC,May 10 2013,112.80
BTC,May 09 2013,113.20
BTC,May 08 2013,109.60
BTC,May 07 2013,112.25
BTC,May 06 2013,115.98
BTC,May 05 2013,112.90
BTC,May 04 2013,98.10
BTC,May 03 2013,106.25
BTC,May 02 2013,116.38
BTC,May 01 2013,139.00
BTC,Apr 30 2013,144.00
BTC,Apr 29 2013,134.44
BTC,Apr 28 2013,135.30
ETH,Apr 23 2020,182.62
ETH,Apr 22 2020,172.67
ETH,Apr 21 2020,172.02
ETH,Apr 20 2020,181.48
ETH,Apr 19 2020,186.86
ETH,Apr 18 2020,171.62
ETH,Apr 17 2020,172.28
ETH,Apr 16 2020,153.20
ETH,Apr 15 2020,157.57
ETH,Apr 14 2020,156.36
ETH,Apr 13 2020,160.72
ETH,Apr 12 2020,158.23
ETH,Apr 11 2020,158.54
ETH,Apr 10 2020,170.83
ETH,Apr 09 2020,172.76
ETH,Apr 08 2020,165.24
ETH,Apr 07 2020,169.15
ETH,Apr 06 2020,143.61
ETH,Apr 05 2020,145.26
ETH,Apr 04 2020,142.22
ETH,Apr 03 2020,142.11
ETH,Apr 02 2020,135.73
ETH,Apr 01 2020,133.61
ETH,Mar 31 2020,132.82
ETH,Mar 30 2020,125.58
ETH,Mar 29 2020,131.02
ETH,Mar 28 2020,134.03
ETH,Mar 27 2020,138.37
ETH,Mar 26 2020,136.19
ETH,Mar 25 2020,138.91
ETH,Mar 24 2020,135.19
ETH,Mar 23 2020,123.37
ETH,Mar 22 2020,132.85
ETH,Mar 21 2020,133.10
ETH,Mar 20 2020,136.65
ETH,Mar 19 2020,114.84
ETH,Mar 18 2020,113.86
ETH,Mar 17 2020,110.41
ETH,Mar 16 2020,125.00
ETH,Mar 15 2020,123.25
ETH,Mar 14 2020,133.58
ETH,Mar 13 2020,112.69
ETH,Mar 12 2020,194.74
ETH,Mar 11 2020,200.77
ETH,Mar 10 2020,202.86
ETH,Mar 09 2020,201.32
ETH,Mar 08 2020,237.78
ETH,Mar 07 2020,243.75
ETH,Mar 06 2020,229.17
ETH,Mar 05 2020,224.64
ETH,Mar 04 2020,224.57
ETH,Mar 03 2020,230.52
ETH,Mar 02 2020,218.71
ETH,Mar 01 2020,219.75
ETH,Feb 29 2020,226.83
ETH,Feb 28 2020,226.99
ETH,Feb 27 2020,225.69
ETH,Feb 26 2020,247.74
ETH,Feb 25 2020,265.28
ETH,Feb 24 2020,273.71
ETH,Feb 23 2020,262.28
ETH,Feb 22 2020,265.55
ETH,Feb 21 2020,257.89
ETH,Feb 20 2020,259.82
ETH,Feb 19 2020,282.04
ETH,Feb 18 2020,266.51
ETH,Feb 17 2020,259.89
ETH,Feb 16 2020,264.90
ETH,Feb 15 2020,284.56
ETH,Feb 14 2020,268.02
ETH,Feb 13 2020,265.05
ETH,Feb 12 2020,235.90
ETH,Feb 11 2020,223.38
ETH,Feb 10 2020,228.55
ETH,Feb 09 2020,222.98
ETH,Feb 08 2020,222.51
ETH,Feb 07 2020,212.32
ETH,Feb 06 2020,204.13
ETH,Feb 05 2020,189.30
ETH,Feb 04 2020,189.86
ETH,Feb 03 2020,188.61
ETH,Feb 02 2020,183.53
ETH,Feb 01 2020,180.11
ETH,Jan 31 2020,184.74
ETH,Jan 30 2020,174.92
ETH,Jan 29 2020,176.35
ETH,Jan 28 2020,170.88
ETH,Jan 27 2020,168.01
ETH,Jan 26 2020,161.18
ETH,Jan 25 2020,163.07
ETH,Jan 24 2020,162.90
ETH,Jan 23 2020,168.30
ETH,Jan 22 2020,169.61
ETH,Jan 21 2020,167.06
ETH,Jan 20 2020,166.90
ETH,Jan 19 2020,175.47
ETH,Jan 18 2020,170.75
ETH,Jan 17 2020,164.49
ETH,Jan 16 2020,166.33
ETH,Jan 15 2020,165.73
ETH,Jan 14 2020,144.25
ETH,Jan 13 2020,146.22
ETH,Jan 12 2020,143.03
ETH,Jan 11 2020,143.41
ETH,Jan 10 2020,138.97
ETH,Jan 09 2020,141.16
ETH,Jan 08 2020,143.49
ETH,Jan 07 2020,144.31
ETH,Jan 06 2020,136.31
ETH,Jan 05 2020,135.07
ETH,Jan 04 2020,134.17
ETH,Jan 03 2020,127.41
ETH,Jan 02 2020,130.82
ETH,Jan 01 2020,129.63
ETH,Dec 31 2019,132.61
ETH,Dec 30 2019,134.80
ETH,Dec 29 2019,128.27
ETH,Dec 28 2019,127.21
ETH,Dec 27 2019,126.37
ETH,Dec 26 2019,126.49
ETH,Dec 25 2019,129.07
ETH,Dec 24 2019,128.63
ETH,Dec 23 2019,132.31
ETH,Dec 22 2019,128.10
ETH,Dec 21 2019,129.10
ETH,Dec 20 2019,129.38
ETH,Dec 19 2019,133.05
ETH,Dec 18 2019,122.66
ETH,Dec 17 2019,133.65
ETH,Dec 16 2019,143.14
ETH,Dec 15 2019,142.86
ETH,Dec 14 2019,144.95
ETH,Dec 13 2019,145.66
ETH,Dec 12 2019,143.62
ETH,Dec 11 2019,146.32
ETH,Dec 10 2019,148.18
ETH,Dec 09 2019,151.22
ETH,Dec 08 2019,148.74
ETH,Dec 07 2019,149.20
ETH,Dec 06 2019,149.40
ETH,Dec 05 2019,146.69
ETH,Dec 04 2019,147.92
ETH,Dec 03 2019,149.06
ETH,Dec 02 2019,151.18
ETH,Dec 01 2019,152.49
ETH,Nov 30 2019,155.29
ETH,Nov 29 2019,151.77
ETH,Nov 28 2019,153.07
ETH,Nov 27 2019,148.40
ETH,Nov 26 2019,146.40
ETH,Nov 25 2019,142.70
ETH,Nov 24 2019,153.43
ETH,Nov 23 2019,150.21
ETH,Nov 22 2019,161.51
ETH,Nov 21 2019,175.67
ETH,Nov 20 2019,177.42
ETH,Nov 19 2019,180.50
ETH,Nov 18 2019,185.04
ETH,Nov 17 2019,183.35
ETH,Nov 16 2019,180.50
ETH,Nov 15 2019,186.06
ETH,Nov 14 2019,188.27
ETH,Nov 13 2019,186.94
ETH,Nov 12 2019,185.56
ETH,Nov 11 2019,189.50
ETH,Nov 10 2019,184.94
ETH,Nov 09 2019,184.31
ETH,Nov 08 2019,187.92
ETH,Nov 07 2019,191.50
ETH,Nov 06 2019,189.11
ETH,Nov 05 2019,186.31
ETH,Nov 04 2019,182.32
ETH,Nov 03 2019,183.99
ETH,Nov 02 2019,184.02
ETH,Nov 01 2019,183.80
ETH,Oct 31 2019,184.80
ETH,Oct 30 2019,190.34
ETH,Oct 29 2019,182.67
ETH,Oct 28 2019,184.40
ETH,Oct 27 2019,179.93
ETH,Oct 26 2019,181.67
ETH,Oct 25 2019,162.19
ETH,Oct 24 2019,162.51
ETH,Oct 23 2019,172.26
ETH,Oct 22 2019,174.91
ETH,Oct 21 2019,175.52
ETH,Oct 20 2019,172.97
ETH,Oct 19 2019,173.65
ETH,Oct 18 2019,177.99
ETH,Oct 17 2019,175.91
ETH,Oct 16 2019,181.34
ETH,Oct 15 2019,186.98
ETH,Oct 14 2019,182.03
ETH,Oct 13 2019,180.86
ETH,Oct 12 2019,182.53
ETH,Oct 11 2019,191.80
ETH,Oct 10 2019,193.19
ETH,Oct 09 2019,182.04
ETH,Oct 08 2019,181.11
ETH,Oct 07 2019,172.94
ETH,Oct 06 2019,176.36
ETH,Oct 05 2019,176.95
ETH,Oct 04 2019,175.24
ETH,Oct 03 2019,180.70
ETH,Oct 02 2019,177.22
ETH,Oct 01 2019,180.21
ETH,Sep 30 2019,170.46
ETH,Sep 29 2019,174.61
ETH,Sep 28 2019,174.68
ETH,Sep 27 2019,166.65
ETH,Sep 26 2019,170.76
ETH,Sep 25 2019,168.13
ETH,Sep 24 2019,201.84
ETH,Sep 23 2019,211.71
ETH,Sep 22 2019,215.49
ETH,Sep 21 2019,217.90
ETH,Sep 20 2019,221.07
ETH,Sep 19 2019,211.25
ETH,Sep 18 2019,208.05
ETH,Sep 17 2019,197.11
ETH,Sep 16 2019,189.69
ETH,Sep 15 2019,188.07
ETH,Sep 14 2019,181.32
ETH,Sep 13 2019,180.98
ETH,Sep 12 2019,178.80
ETH,Sep 11 2019,179.84
ETH,Sep 10 2019,181.21
ETH,Sep 09 2019,181.36
ETH,Sep 08 2019,178.28
ETH,Sep 07 2019,169.96
ETH,Sep 06 2019,174.17
ETH,Sep 05 2019,175.97
ETH,Sep 04 2019,179.49
ETH,Sep 03 2019,178.36
ETH,Sep 02 2019,171.70
ETH,Sep 01 2019,172.46
ETH,Aug 31 2019,168.89
ETH,Aug 30 2019,169.49
ETH,Aug 29 2019,173.96
ETH,Aug 28 2019,187.50
ETH,Aug 27 2019,188.95
ETH,Aug 26 2019,186.74
ETH,Aug 25 2019,191.23
ETH,Aug 24 2019,194.67
ETH,Aug 23 2019,191.11
ETH,Aug 22 2019,186.94
ETH,Aug 21 2019,196.62
ETH,Aug 20 2019,202.81
ETH,Aug 19 2019,194.56
ETH,Aug 18 2019,185.84
ETH,Aug 17 2019,185.53
ETH,Aug 16 2019,188.64
ETH,Aug 15 2019,186.68
ETH,Aug 14 2019,208.60
ETH,Aug 13 2019,211.34
ETH,Aug 12 2019,216.06
ETH,Aug 11 2019,206.73
ETH,Aug 10 2019,210.53
ETH,Aug 09 2019,220.91
ETH,Aug 08 2019,226.52
ETH,Aug 07 2019,225.93
ETH,Aug 06 2019,234.25
ETH,Aug 05 2019,222.65
ETH,Aug 04 2019,222.58
ETH,Aug 03 2019,217.90
ETH,Aug 02 2019,217.88
ETH,Aug 01 2019,218.55
ETH,Jul 31 2019,210.49
ETH,Jul 30 2019,211.34
ETH,Jul 29 2019,211.12
ETH,Jul 28 2019,207.41
ETH,Jul 27 2019,219.62
ETH,Jul 26 2019,219.63
ETH,Jul 25 2019,216.97
ETH,Jul 24 2019,212.55
ETH,Jul 23 2019,217.57
ETH,Jul 22 2019,225.70
ETH,Jul 21 2019,229.17
ETH,Jul 20 2019,221.41
ETH,Jul 19 2019,226.66
ETH,Jul 18 2019,211.44
ETH,Jul 17 2019,199.07
ETH,Jul 16 2019,229.75
ETH,Jul 15 2019,227.97
ETH,Jul 14 2019,269.28
ETH,Jul 13 2019,276.29
ETH,Jul 12 2019,268.69
ETH,Jul 11 2019,289.95
ETH,Jul 10 2019,308.85
ETH,Jul 09 2019,313.33
ETH,Jul 08 2019,305.73
ETH,Jul 07 2019,287.60
ETH,Jul 06 2019,287.89
ETH,Jul 05 2019,284.38
ETH,Jul 04 2019,303.03
ETH,Jul 03 2019,291.76
ETH,Jul 02 2019,293.54
ETH,Jul 01 2019,290.27
ETH,Jun 30 2019,319.58
ETH,Jun 29 2019,311.28
ETH,Jun 28 2019,294.14
ETH,Jun 27 2019,336.96
ETH,Jun 26 2019,317.99
ETH,Jun 25 2019,310.68
ETH,Jun 24 2019,307.72
ETH,Jun 23 2019,309.42
ETH,Jun 22 2019,295.12
ETH,Jun 21 2019,271.74
ETH,Jun 20 2019,269.41
ETH,Jun 19 2019,265.06
ETH,Jun 18 2019,274.32
ETH,Jun 17 2019,269.09
ETH,Jun 16 2019,268.90
ETH,Jun 15 2019,263.93
ETH,Jun 14 2019,256.18
ETH,Jun 13 2019,260.91
ETH,Jun 12 2019,245.93
ETH,Jun 11 2019,247.86
ETH,Jun 10 2019,232.83
ETH,Jun 09 2019,245.54
ETH,Jun 08 2019,251.25
ETH,Jun 07 2019,249.34
ETH,Jun 06 2019,246.93
ETH,Jun 05 2019,241.50
ETH,Jun 04 2019,252.51
ETH,Jun 03 2019,270.09
ETH,Jun 02 2019,265.51
ETH,Jun 01 2019,268.43
ETH,May 31 2019,256.02
ETH,May 30 2019,269.55
ETH,May 29 2019,271.78
ETH,May 28 2019,272.59
ETH,May 27 2019,267.14
ETH,May 26 2019,251.72
ETH,May 25 2019,249.69
ETH,May 24 2019,245.99
ETH,May 23 2019,244.67
ETH,May 22 2019,255.00
ETH,May 21 2019,251.65
ETH,May 20 2019,261.27
ETH,May 19 2019,234.45
ETH,May 18 2019,243.91
ETH,May 17 2019,263.85
ETH,May 16 2019,246.94
ETH,May 15 2019,217.01
ETH,May 14 2019,196.74
ETH,May 13 2019,187.42
ETH,May 12 2019,194.16
ETH,May 11 2019,173.14
ETH,May 10 2019,170.31
ETH,May 09 2019,170.95
ETH,May 08 2019,169.90
ETH,May 07 2019,172.43
ETH,May 06 2019,163.34
ETH,May 05 2019,164.02
ETH,May 04 2019,167.89
ETH,May 03 2019,162.08
ETH,May 02 2019,160.85
ETH,May 01 2019,162.19
ETH,Apr 30 2019,155.17
ETH,Apr 29 2019,157.29
ETH,Apr 28 2019,158.50
ETH,Apr 27 2019,156.27
ETH,Apr 26 2019,154.58
ETH,Apr 25 2019,165.91
ETH,Apr 24 2019,171.35
ETH,Apr 23 2019,172.01
ETH,Apr 22 2019,170.02
ETH,Apr 21 2019,173.72
ETH,Apr 20 2019,173.72
ETH,Apr 19 2019,173.79
ETH,Apr 18 2019,166.91
ETH,Apr 17 2019,167.55
ETH,Apr 16 2019,161.53
ETH,Apr 15 2019,167.90
ETH,Apr 14 2019,164.48
ETH,Apr 13 2019,164.62
ETH,Apr 12 2019,165.34
ETH,Apr 11 2019,177.34
ETH,Apr 10 2019,176.07
ETH,Apr 09 2019,180.22
ETH,Apr 08 2019,174.45
ETH,Apr 07 2019,165.98
ETH,Apr 06 2019,165.51
ETH,Apr 05 2019,158.02
ETH,Apr 04 2019,161.43
ETH,Apr 03 2019,164.01
ETH,Apr 02 2019,141.84
ETH,Apr 01 2019,141.47
ETH,Mar 31 2019,142.14
ETH,Mar 30 2019,142.36
ETH,Mar 29 2019,139.34
ETH,Mar 28 2019,141.01
ETH,Mar 27 2019,135.45
ETH,Mar 26 2019,135.05
ETH,Mar 25 2019,137.08
ETH,Mar 24 2019,138.32
ETH,Mar 23 2019,137.04
ETH,Mar 22 2019,136.56
ETH,Mar 21 2019,140.48
ETH,Mar 20 2019,140.48
ETH,Mar 19 2019,139.25
ETH,Mar 18 2019,140.10
ETH,Mar 17 2019,142.24
ETH,Mar 16 2019,137.91
ETH,Mar 15 2019,133.57
ETH,Mar 14 2019,133.20
ETH,Mar 13 2019,134.61
ETH,Mar 12 2019,134.01
ETH,Mar 11 2019,136.85
ETH,Mar 10 2019,138.18
ETH,Mar 09 2019,134.89
ETH,Mar 08 2019,138.31
ETH,Mar 07 2019,138.94
ETH,Mar 06 2019,137.96
ETH,Mar 05 2019,127.79
ETH,Mar 04 2019,132.16
ETH,Mar 03 2019,134.79
ETH,Mar 02 2019,136.35
ETH,Mar 01 2019,136.84
ETH,Feb 28 2019,136.28
ETH,Feb 27 2019,138.03
ETH,Feb 26 2019,139.65
ETH,Feb 25 2019,135.50
ETH,Feb 24 2019,158.90
ETH,Feb 23 2019,148.68
ETH,Feb 22 2019,146.07
ETH,Feb 21 2019,149.35
ETH,Feb 20 2019,145.17
ETH,Feb 19 2019,146.40
ETH,Feb 18 2019,133.03
ETH,Feb 17 2019,123.18
ETH,Feb 16 2019,122.40
ETH,Feb 15 2019,121.45
ETH,Feb 14 2019,122.42
ETH,Feb 13 2019,122.54
ETH,Feb 12 2019,121.18
ETH,Feb 11 2019,124.87
ETH,Feb 10 2019,119.41
ETH,Feb 09 2019,119.21
ETH,Feb 08 2019,104.65
ETH,Feb 07 2019,104.84
ETH,Feb 06 2019,107.57
ETH,Feb 05 2019,107.63
ETH,Feb 04 2019,107.63
ETH,Feb 03 2019,110.49
ETH,Feb 02 2019,107.47
ETH,Feb 01 2019,107.15
ETH,Jan 31 2019,108.90
ETH,Jan 30 2019,105.41
ETH,Jan 29 2019,106.72
ETH,Jan 28 2019,113.29
ETH,Jan 27 2019,116.51
ETH,Jan 26 2019,116.37
ETH,Jan 25 2019,117.59
ETH,Jan 24 2019,117.46
ETH,Jan 23 2019,118.71
ETH,Jan 22 2019,117.11
ETH,Jan 21 2019,119.64
ETH,Jan 20 2019,124.63
ETH,Jan 19 2019,121.61
ETH,Jan 18 2019,123.65
ETH,Jan 17 2019,123.57
ETH,Jan 16 2019,121.81
ETH,Jan 15 2019,129.17
ETH,Jan 14 2019,116.98
ETH,Jan 13 2019,125.91
ETH,Jan 12 2019,127.53
ETH,Jan 11 2019,127.81
ETH,Jan 10 2019,150.84
ETH,Jan 09 2019,150.55
ETH,Jan 08 2019,151.97
ETH,Jan 07 2019,157.81
ETH,Jan 06 2019,155.80
ETH,Jan 05 2019,154.34
ETH,Jan 04 2019,148.91
ETH,Jan 03 2019,155.20
ETH,Jan 02 2019,141.52
ETH,Jan 01 2019,133.42
ETH,Dec 31 2018,140.03
ETH,Dec 30 2018,137.63
ETH,Dec 29 2018,138.47
ETH,Dec 28 2018,116.90
ETH,Dec 27 2018,131.92
ETH,Dec 26 2018,129.89
ETH,Dec 25 2018,141.00
ETH,Dec 24 2018,130.64
ETH,Dec 23 2018,117.27
ETH,Dec 22 2018,109.46
ETH,Dec 21 2018,115.84
ETH,Dec 20 2018,101.09
ETH,Dec 19 2018,101.68
ETH,Dec 18 2018,95.11
ETH,Dec 17 2018,85.38
ETH,Dec 16 2018,84.47
ETH,Dec 15 2018,84.28
ETH,Dec 14 2018,86.63
ETH,Dec 13 2018,90.66
ETH,Dec 12 2018,88.61
ETH,Dec 11 2018,91.58
ETH,Dec 10 2018,94.99
ETH,Dec 09 2018,92.04
ETH,Dec 08 2018,93.41
ETH,Dec 07 2018,91.65
ETH,Dec 06 2018,102.45
ETH,Dec 05 2018,110.34
ETH,Dec 04 2018,108.80
ETH,Dec 03 2018,116.38
ETH,Dec 02 2018,118.27
ETH,Dec 01 2018,113.40
ETH,Nov 30 2018,117.73
ETH,Nov 29 2018,122.72
ETH,Nov 28 2018,110.20
ETH,Nov 27 2018,107.91
ETH,Nov 26 2018,116.34
ETH,Nov 25 2018,113.13
ETH,Nov 24 2018,123.30
ETH,Nov 23 2018,126.42
ETH,Nov 22 2018,136.81
ETH,Nov 21 2018,131.14
ETH,Nov 20 2018,148.81
ETH,Nov 19 2018,177.18
ETH,Nov 18 2018,174.18
ETH,Nov 17 2018,175.36
ETH,Nov 16 2018,180.87
ETH,Nov 15 2018,181.90
ETH,Nov 14 2018,206.53
ETH,Nov 13 2018,210.15
ETH,Nov 12 2018,211.51
ETH,Nov 11 2018,212.48
ETH,Nov 10 2018,209.98
ETH,Nov 09 2018,211.99
ETH,Nov 08 2018,217.33
ETH,Nov 07 2018,218.90
ETH,Nov 06 2018,209.47
ETH,Nov 05 2018,207.10
ETH,Nov 04 2018,200.16
ETH,Nov 03 2018,200.74
ETH,Nov 02 2018,198.98
ETH,Nov 01 2018,197.54
ETH,Oct 31 2018,197.65
ETH,Oct 30 2018,197.20
ETH,Oct 29 2018,205.17
ETH,Oct 28 2018,204.51
ETH,Oct 27 2018,203.36
ETH,Oct 26 2018,202.34
ETH,Oct 25 2018,203.87
ETH,Oct 24 2018,204.13
ETH,Oct 23 2018,204.02
ETH,Oct 22 2018,205.17
ETH,Oct 21 2018,205.39
ETH,Oct 20 2018,203.52
ETH,Oct 19 2018,203.26
ETH,Oct 18 2018,207.40
ETH,Oct 17 2018,210.22
ETH,Oct 16 2018,209.63
ETH,Oct 15 2018,195.27
ETH,Oct 14 2018,199.69
ETH,Oct 13 2018,196.36
ETH,Oct 12 2018,188.71
ETH,Oct 11 2018,225.61
ETH,Oct 10 2018,227.62
ETH,Oct 09 2018,229.71
ETH,Oct 08 2018,226.51
ETH,Oct 07 2018,225.44
ETH,Oct 06 2018,227.55
ETH,Oct 05 2018,222.27
ETH,Oct 04 2018,220.45
ETH,Oct 03 2018,226.41
ETH,Oct 02 2018,231.10
ETH,Oct 01 2018,233.22
ETH,Sep 30 2018,231.33
ETH,Sep 29 2018,221.71
ETH,Sep 28 2018,229.04
ETH,Sep 27 2018,215.44
ETH,Sep 26 2018,218.65
ETH,Sep 25 2018,228.33
ETH,Sep 24 2018,244.84
ETH,Sep 23 2018,240.99
ETH,Sep 22 2018,247.34
ETH,Sep 21 2018,225.25
ETH,Sep 20 2018,210.29
ETH,Sep 19 2018,209.47
ETH,Sep 18 2018,197.10
ETH,Sep 17 2018,221.58
ETH,Sep 16 2018,222.80
ETH,Sep 15 2018,209.81
ETH,Sep 14 2018,212.67
ETH,Sep 13 2018,183.68
ETH,Sep 12 2018,185.42
ETH,Sep 11 2018,198.18
ETH,Sep 10 2018,197.85
ETH,Sep 09 2018,198.39
ETH,Sep 08 2018,217.91
ETH,Sep 07 2018,229.54
ETH,Sep 06 2018,231.65
ETH,Sep 05 2018,286.05
ETH,Sep 04 2018,289.30
ETH,Sep 03 2018,295.18
ETH,Sep 02 2018,295.45
ETH,Sep 01 2018,283.50
ETH,Aug 31 2018,284.12
ETH,Aug 30 2018,289.75
ETH,Aug 29 2018,296.16
ETH,Aug 28 2018,286.65
ETH,Aug 27 2018,275.35
ETH,Aug 26 2018,279.53
ETH,Aug 25 2018,283.28
ETH,Aug 24 2018,278.11
ETH,Aug 23 2018,271.75
ETH,Aug 22 2018,281.97
ETH,Aug 21 2018,273.33
ETH,Aug 20 2018,301.38
ETH,Aug 19 2018,295.67
ETH,Aug 18 2018,316.79
ETH,Aug 17 2018,287.68
ETH,Aug 16 2018,282.74
ETH,Aug 15 2018,280.39
ETH,Aug 14 2018,286.37
ETH,Aug 13 2018,320.21
ETH,Aug 12 2018,320.82
ETH,Aug 11 2018,334.26
ETH,Aug 10 2018,365.78
ETH,Aug 09 2018,356.97
ETH,Aug 08 2018,379.89
ETH,Aug 07 2018,406.80
ETH,Aug 06 2018,410.57
ETH,Aug 05 2018,407.35
ETH,Aug 04 2018,418.24
ETH,Aug 03 2018,412.57
ETH,Aug 02 2018,420.81
ETH,Aug 01 2018,433.87
ETH,Jul 31 2018,457.25
ETH,Jul 30 2018,466.83
ETH,Jul 29 2018,466.92
ETH,Jul 28 2018,469.68
ETH,Jul 27 2018,464.01
ETH,Jul 26 2018,472.33
ETH,Jul 25 2018,479.91
ETH,Jul 24 2018,451.14
ETH,Jul 23 2018,459.44
ETH,Jul 22 2018,462.44
ETH,Jul 21 2018,450.68
ETH,Jul 20 2018,469.31
ETH,Jul 19 2018,480.63
ETH,Jul 18 2018,500.84
ETH,Jul 17 2018,480.08
ETH,Jul 16 2018,450.42
ETH,Jul 15 2018,435.88
ETH,Jul 14 2018,434.51
ETH,Jul 13 2018,430.74
ETH,Jul 12 2018,446.50
ETH,Jul 11 2018,434.52
ETH,Jul 10 2018,476.16
ETH,Jul 09 2018,488.88
ETH,Jul 08 2018,492.07
ETH,Jul 07 2018,474.06
ETH,Jul 06 2018,474.36
ETH,Jul 05 2018,467.29
ETH,Jul 04 2018,464.15
ETH,Jul 03 2018,475.39
ETH,Jul 02 2018,453.82
ETH,Jul 01 2018,455.24
ETH,Jun 30 2018,436.21
ETH,Jun 29 2018,422.59
ETH,Jun 28 2018,442.29
ETH,Jun 27 2018,432.24
ETH,Jun 26 2018,460.73
ETH,Jun 25 2018,455.94
ETH,Jun 24 2018,474.77
ETH,Jun 23 2018,466.27
ETH,Jun 22 2018,527.19
ETH,Jun 21 2018,536.45
ETH,Jun 20 2018,538.51
ETH,Jun 19 2018,519.02
ETH,Jun 18 2018,499.38
ETH,Jun 17 2018,499.46
ETH,Jun 16 2018,490.41
ETH,Jun 15 2018,520.48
ETH,Jun 14 2018,478.38
ETH,Jun 13 2018,498.02
ETH,Jun 12 2018,532.71
ETH,Jun 11 2018,524.86
ETH,Jun 10 2018,594.34
ETH,Jun 09 2018,600.91
ETH,Jun 08 2018,605.44
ETH,Jun 07 2018,607.69
ETH,Jun 06 2018,610.26
ETH,Jun 05 2018,593.41
ETH,Jun 04 2018,619.44
ETH,Jun 03 2018,591.26
ETH,Jun 02 2018,580.43
ETH,Jun 01 2018,578.67
ETH,May 31 2018,558.50
ETH,May 30 2018,566.83
ETH,May 29 2018,516.15
ETH,May 28 2018,573.04
ETH,May 27 2018,588.52
ETH,May 26 2018,587.43
ETH,May 25 2018,602.14
ETH,May 24 2018,584.54
ETH,May 23 2018,646.67
ETH,May 22 2018,700.18
ETH,May 21 2018,717.19
ETH,May 20 2018,697.92
ETH,May 19 2018,695.07
ETH,May 18 2018,672.10
ETH,May 17 2018,708.72
ETH,May 16 2018,708.09
ETH,May 15 2018,731.14
ETH,May 14 2018,732.73
ETH,May 13 2018,687.17
ETH,May 12 2018,679.88
ETH,May 11 2018,727.01
ETH,May 10 2018,752.58
ETH,May 09 2018,752.90
ETH,May 08 2018,755.01
ETH,May 07 2018,793.34
ETH,May 06 2018,816.09
ETH,May 05 2018,784.58
ETH,May 04 2018,776.78
ETH,May 03 2018,686.59
ETH,May 02 2018,674.08
ETH,May 01 2018,670.46
ETH,Apr 30 2018,689.76
ETH,Apr 29 2018,683.91
ETH,Apr 28 2018,644.65
ETH,Apr 27 2018,662.11
ETH,Apr 26 2018,618.08
ETH,Apr 25 2018,707.06
ETH,Apr 24 2018,643.40
ETH,Apr 23 2018,621.20
ETH,Apr 22 2018,606.12
ETH,Apr 21 2018,616.00
ETH,Apr 20 2018,567.99
ETH,Apr 19 2018,524.04
ETH,Apr 18 2018,503.31
ETH,Apr 17 2018,511.14
ETH,Apr 16 2018,532.07
ETH,Apr 15 2018,502.88
ETH,Apr 14 2018,492.58
ETH,Apr 13 2018,493.16
ETH,Apr 12 2018,430.16
ETH,Apr 11 2018,415.02
ETH,Apr 10 2018,399.41
ETH,Apr 09 2018,400.86
ETH,Apr 08 2018,385.74
ETH,Apr 07 2018,370.38
ETH,Apr 06 2018,382.73
ETH,Apr 05 2018,379.95
ETH,Apr 04 2018,416.48
ETH,Apr 03 2018,387.31
ETH,Apr 02 2018,379.70
ETH,Apr 01 2018,397.25
ETH,Mar 31 2018,395.00
ETH,Mar 30 2018,385.90
ETH,Mar 29 2018,448.08
ETH,Mar 28 2018,450.29
ETH,Mar 27 2018,489.59
ETH,Mar 26 2018,524.29
ETH,Mar 25 2018,522.70
ETH,Mar 24 2018,542.57
ETH,Mar 23 2018,539.86
ETH,Mar 22 2018,562.10
ETH,Mar 21 2018,559.10
ETH,Mar 20 2018,556.72
ETH,Mar 19 2018,546.63
ETH,Mar 18 2018,551.64
ETH,Mar 17 2018,601.68
ETH,Mar 16 2018,611.78
ETH,Mar 15 2018,614.84
ETH,Mar 14 2018,691.22
ETH,Mar 13 2018,698.15
ETH,Mar 12 2018,724.41
ETH,Mar 11 2018,685.31
ETH,Mar 10 2018,730.16
ETH,Mar 09 2018,702.20
ETH,Mar 08 2018,752.57
ETH,Mar 07 2018,816.27
ETH,Mar 06 2018,853.82
ETH,Mar 05 2018,866.85
ETH,Mar 04 2018,856.19
ETH,Mar 03 2018,856.71
ETH,Mar 02 2018,871.76
ETH,Mar 01 2018,856.01
ETH,Feb 28 2018,877.93
ETH,Feb 27 2018,870.36
ETH,Feb 26 2018,845.28
ETH,Feb 25 2018,839.46
ETH,Feb 24 2018,861.59
ETH,Feb 23 2018,811.59
ETH,Feb 22 2018,849.26
ETH,Feb 21 2018,894.14
ETH,Feb 20 2018,943.57
ETH,Feb 19 2018,921.67
ETH,Feb 18 2018,973.35
ETH,Feb 17 2018,944.75
ETH,Feb 16 2018,934.79
ETH,Feb 15 2018,923.73
ETH,Feb 14 2018,844.28
ETH,Feb 13 2018,869.29
ETH,Feb 12 2018,817.51
ETH,Feb 11 2018,859.29
ETH,Feb 10 2018,882.47
ETH,Feb 09 2018,818.48
ETH,Feb 08 2018,755.84
ETH,Feb 07 2018,790.43
ETH,Feb 06 2018,707.74
ETH,Feb 05 2018,834.96
ETH,Feb 04 2018,964.67
ETH,Feb 03 2018,919.21
ETH,Feb 02 2018,1035.77
ETH,Feb 01 2018,1119.37
ETH,Jan 31 2018,1071.09
ETH,Jan 30 2018,1184.13
ETH,Jan 29 2018,1246.70
ETH,Jan 28 2018,1111.78
ETH,Jan 27 2018,1055.75
ETH,Jan 26 2018,1052.70
ETH,Jan 25 2018,1063.22
ETH,Jan 24 2018,987.48
ETH,Jan 23 2018,1004.17
ETH,Jan 22 2018,1055.35
ETH,Jan 21 2018,1155.68
ETH,Jan 20 2018,1044.95
ETH,Jan 19 2018,1028.82
ETH,Jan 18 2018,1016.44
ETH,Jan 17 2018,1061.34
ETH,Jan 16 2018,1292.63
ETH,Jan 15 2018,1365.21
ETH,Jan 14 2018,1397.48
ETH,Jan 13 2018,1270.47
ETH,Jan 12 2018,1158.29
ETH,Jan 11 2018,1268.09
ETH,Jan 10 2018,1300.34
ETH,Jan 09 2018,1146.00
ETH,Jan 08 2018,1158.26
ETH,Jan 07 2018,1043.01
ETH,Jan 06 2018,995.15
ETH,Jan 05 2018,975.75
ETH,Jan 04 2018,961.71
ETH,Jan 03 2018,886.00
ETH,Jan 02 2018,772.35
ETH,Jan 01 2018,755.76
ETH,Dec 31 2017,712.21
ETH,Dec 30 2017,753.82
ETH,Dec 29 2017,740.39
ETH,Dec 28 2017,762.21
ETH,Dec 27 2017,774.97
ETH,Dec 26 2017,763.37
ETH,Dec 25 2017,698.87
ETH,Dec 24 2017,721.77
ETH,Dec 23 2017,681.32
ETH,Dec 22 2017,822.64
ETH,Dec 21 2017,820.24
ETH,Dec 20 2017,827.52
ETH,Dec 19 2017,793.90
ETH,Dec 18 2017,721.73
ETH,Dec 17 2017,696.24
ETH,Dec 16 2017,686.19
ETH,Dec 15 2017,696.38
ETH,Dec 14 2017,700.59
ETH,Dec 13 2017,644.91
ETH,Dec 12 2017,522.29
ETH,Dec 11 2017,440.36
ETH,Dec 10 2017,472.79
ETH,Dec 09 2017,457.34
ETH,Dec 08 2017,434.99
ETH,Dec 07 2017,426.37
ETH,Dec 06 2017,462.60
ETH,Dec 05 2017,470.29
ETH,Dec 04 2017,466.05
ETH,Dec 03 2017,463.70
ETH,Dec 02 2017,466.85
ETH,Dec 01 2017,445.21
ETH,Nov 30 2017,431.21
ETH,Nov 29 2017,473.28
ETH,Nov 28 2017,480.52
ETH,Nov 27 2017,471.53
ETH,Nov 26 2017,465.97
ETH,Nov 25 2017,475.68
ETH,Nov 24 2017,412.50
ETH,Nov 23 2017,381.44
ETH,Nov 22 2017,360.31
ETH,Nov 21 2017,367.44
ETH,Nov 20 2017,354.09
ETH,Nov 19 2017,347.40
ETH,Nov 18 2017,331.98
ETH,Nov 17 2017,330.17
ETH,Nov 16 2017,333.44
ETH,Nov 15 2017,337.96
ETH,Nov 14 2017,316.76
ETH,Nov 13 2017,307.02
ETH,Nov 12 2017,314.69
ETH,Nov 11 2017,298.59
ETH,Nov 10 2017,320.67
ETH,Nov 09 2017,308.64
ETH,Nov 08 2017,294.27
ETH,Nov 07 2017,298.57
ETH,Nov 06 2017,296.43
ETH,Nov 05 2017,300.04
ETH,Nov 04 2017,305.48
ETH,Nov 03 2017,288.50
ETH,Nov 02 2017,290.73
ETH,Nov 01 2017,305.76
ETH,Oct 31 2017,307.38
ETH,Oct 30 2017,304.78
ETH,Oct 29 2017,296.38
ETH,Oct 28 2017,297.92
ETH,Oct 27 2017,296.51
ETH,Oct 26 2017,298.02
ETH,Oct 25 2017,298.44
ETH,Oct 24 2017,287.12
ETH,Oct 23 2017,295.10
ETH,Oct 22 2017,300.55
ETH,Oct 21 2017,303.57
ETH,Oct 20 2017,308.05
ETH,Oct 19 2017,314.54
ETH,Oct 18 2017,316.94
ETH,Oct 17 2017,333.48
ETH,Oct 16 2017,336.71
ETH,Oct 15 2017,339.53
ETH,Oct 14 2017,338.85
ETH,Oct 13 2017,304.08
ETH,Oct 12 2017,303.50
ETH,Oct 11 2017,301.18
ETH,Oct 10 2017,297.60
ETH,Oct 09 2017,308.67
ETH,Oct 08 2017,311.06
ETH,Oct 07 2017,308.89
ETH,Oct 06 2017,295.15
ETH,Oct 05 2017,292.77
ETH,Oct 04 2017,292.75
ETH,Oct 03 2017,297.48
ETH,Oct 02 2017,302.48
ETH,Oct 01 2017,301.55
ETH,Sep 30 2017,291.48
ETH,Sep 29 2017,299.12
ETH,Sep 28 2017,306.47
ETH,Sep 27 2017,287.02
ETH,Sep 26 2017,292.35
ETH,Sep 25 2017,282.22
ETH,Sep 24 2017,286.21
ETH,Sep 23 2017,264.60
ETH,Sep 22 2017,258.11
ETH,Sep 21 2017,283.26
ETH,Sep 20 2017,282.02
ETH,Sep 19 2017,293.66
ETH,Sep 18 2017,252.23
ETH,Sep 17 2017,245.85
ETH,Sep 16 2017,250.87
ETH,Sep 15 2017,215.22
ETH,Sep 14 2017,276.59
ETH,Sep 13 2017,291.12
ETH,Sep 12 2017,294.63
ETH,Sep 11 2017,289.74
ETH,Sep 10 2017,294.06
ETH,Sep 09 2017,296.17
ETH,Sep 08 2017,329.64
ETH,Sep 07 2017,333.52
ETH,Sep 06 2017,313.80
ETH,Sep 05 2017,297.57
ETH,Sep 04 2017,347.13
ETH,Sep 03 2017,350.23
ETH,Sep 02 2017,387.82
ETH,Sep 01 2017,383.47
ETH,Aug 31 2017,378.44
ETH,Aug 30 2017,369.47
ETH,Aug 29 2017,347.96
ETH,Aug 28 2017,350.04
ETH,Aug 27 2017,334.36
ETH,Aug 26 2017,331.99
ETH,Aug 25 2017,326.11
ETH,Aug 24 2017,317.45
ETH,Aug 23 2017,315.27
ETH,Aug 22 2017,321.05
ETH,Aug 21 2017,300.48
ETH,Aug 20 2017,296.64
ETH,Aug 19 2017,296.18
ETH,Aug 18 2017,301.70
ETH,Aug 17 2017,302.80
ETH,Aug 16 2017,289.82
ETH,Aug 15 2017,299.95
ETH,Aug 14 2017,298.03
ETH,Aug 13 2017,310.37
ETH,Aug 12 2017,308.71
ETH,Aug 11 2017,294.49
ETH,Aug 10 2017,296.96
ETH,Aug 09 2017,297.63
ETH,Aug 08 2017,269.10
ETH,Aug 07 2017,261.24
ETH,Aug 06 2017,256.42
ETH,Aug 05 2017,222.85
ETH,Aug 04 2017,225.31
ETH,Aug 03 2017,220.18
ETH,Aug 02 2017,227.01
ETH,Aug 01 2017,204.69
ETH,Jul 31 2017,197.40
ETH,Jul 30 2017,206.74
ETH,Jul 29 2017,193.34
ETH,Jul 28 2017,204.32
ETH,Jul 27 2017,204.86
ETH,Jul 26 2017,207.09
ETH,Jul 25 2017,224.37
ETH,Jul 24 2017,226.29
ETH,Jul 23 2017,229.12
ETH,Jul 22 2017,217.86
ETH,Jul 21 2017,226.06
ETH,Jul 20 2017,205.42
ETH,Jul 19 2017,234.94
ETH,Jul 18 2017,195.03
ETH,Jul 17 2017,159.99
ETH,Jul 16 2017,169.57
ETH,Jul 15 2017,199.71
ETH,Jul 14 2017,209.53
ETH,Jul 13 2017,231.81
ETH,Jul 12 2017,197.15
ETH,Jul 11 2017,211.52
ETH,Jul 10 2017,243.01
ETH,Jul 09 2017,251.82
ETH,Jul 08 2017,245.89
ETH,Jul 07 2017,270.35
ETH,Jul 06 2017,268.86
ETH,Jul 05 2017,273.10
ETH,Jul 04 2017,282.19
ETH,Jul 03 2017,288.41
ETH,Jul 02 2017,275.12
ETH,Jul 01 2017,293.35
ETH,Jun 30 2017,303.15
ETH,Jun 29 2017,328.37
ETH,Jun 28 2017,293.04
ETH,Jun 27 2017,272.69
ETH,Jun 26 2017,302.95
ETH,Jun 25 2017,323.47
ETH,Jun 24 2017,341.63
ETH,Jun 23 2017,336.48
ETH,Jun 22 2017,337.73
ETH,Jun 21 2017,359.54
ETH,Jun 20 2017,370.33
ETH,Jun 19 2017,371.86
ETH,Jun 18 2017,379.52
ETH,Jun 17 2017,369.88
ETH,Jun 16 2017,361.18
ETH,Jun 15 2017,358.51
ETH,Jun 14 2017,397.59
ETH,Jun 13 2017,395.69
ETH,Jun 12 2017,341.16
ETH,Jun 11 2017,338.79
ETH,Jun 10 2017,282.01
ETH,Jun 09 2017,261.75
ETH,Jun 08 2017,257.99
ETH,Jun 07 2017,264.26
ETH,Jun 06 2017,248.60
ETH,Jun 05 2017,245.26
ETH,Jun 04 2017,224.12
ETH,Jun 03 2017,223.46
ETH,Jun 02 2017,222.29
ETH,Jun 01 2017,230.89
ETH,May 31 2017,231.58
ETH,May 30 2017,195.61
ETH,May 29 2017,170.13
ETH,May 28 2017,158.82
ETH,May 27 2017,159.82
ETH,May 26 2017,175.22
ETH,May 25 2017,189.85
ETH,May 24 2017,182.65
ETH,May 23 2017,170.82
ETH,May 22 2017,158.17
ETH,May 21 2017,127.54
ETH,May 20 2017,129.22
ETH,May 19 2017,97.05
ETH,May 18 2017,89.84
ETH,May 17 2017,89.25
ETH,May 16 2017,92.39
ETH,May 15 2017,90.78
ETH,May 14 2017,90.87
ETH,May 13 2017,88.69
ETH,May 12 2017,89.43
ETH,May 11 2017,89.77
ETH,May 10 2017,91.15
ETH,May 09 2017,91.23
ETH,May 08 2017,93.75
ETH,May 07 2017,97.87
ETH,May 06 2017,94.91
ETH,May 05 2017,96.73
ETH,May 04 2017,79.72
ETH,May 03 2017,77.25
ETH,May 02 2017,76.65
ETH,May 01 2017,79.32
ETH,Apr 30 2017,68.54
ETH,Apr 29 2017,71.39
ETH,Apr 28 2017,62.23
ETH,Apr 27 2017,52.81
ETH,Apr 26 2017,49.91
ETH,Apr 25 2017,50.07
ETH,Apr 24 2017,48.87
ETH,Apr 23 2017,48.59
ETH,Apr 22 2017,48.18
ETH,Apr 21 2017,49.64
ETH,Apr 20 2017,48.13
ETH,Apr 19 2017,50.73
ETH,Apr 18 2017,48.32
ETH,Apr 17 2017,48.66
ETH,Apr 16 2017,49.04
ETH,Apr 15 2017,47.65
ETH,Apr 14 2017,49.97
ETH,Apr 13 2017,46.31
ETH,Apr 12 2017,43.46
ETH,Apr 11 2017,43.50
ETH,Apr 10 2017,43.28
ETH,Apr 09 2017,44.28
ETH,Apr 08 2017,41.80
ETH,Apr 07 2017,42.87
ETH,Apr 06 2017,45.22
ETH,Apr 05 2017,44.66
ETH,Apr 04 2017,43.92
ETH,Apr 03 2017,48.82
ETH,Apr 02 2017,50.74
ETH,Apr 01 2017,50.03
ETH,Mar 31 2017,51.75
ETH,Mar 30 2017,53.12
ETH,Mar 29 2017,50.57
ETH,Mar 28 2017,49.71
ETH,Mar 27 2017,51.31
ETH,Mar 26 2017,50.77
ETH,Mar 25 2017,53.58
ETH,Mar 24 2017,43.64
ETH,Mar 23 2017,42.57
ETH,Mar 22 2017,43.12
ETH,Mar 21 2017,43.51
ETH,Mar 20 2017,44.83
ETH,Mar 19 2017,35.53
ETH,Mar 18 2017,46.87
ETH,Mar 17 2017,45.93
ETH,Mar 16 2017,35.36
ETH,Mar 15 2017,28.65
ETH,Mar 14 2017,28.57
ETH,Mar 13 2017,23.50
ETH,Mar 12 2017,21.46
ETH,Mar 11 2017,19.37
ETH,Mar 10 2017,17.74
ETH,Mar 09 2017,16.64
ETH,Mar 08 2017,18.88
ETH,Mar 07 2017,19.58
ETH,Mar 06 2017,19.28
ETH,Mar 05 2017,18.50
ETH,Mar 04 2017,19.52
ETH,Mar 03 2017,19.04
ETH,Mar 02 2017,17.36
ETH,Mar 01 2017,15.85
ETH,Feb 28 2017,15.45
ETH,Feb 27 2017,14.51
ETH,Feb 26 2017,13.52
ETH,Feb 25 2017,13.06
ETH,Feb 24 2017,13.13
ETH,Feb 23 2017,12.60
ETH,Feb 22 2017,12.69
ETH,Feb 21 2017,12.34
ETH,Feb 20 2017,12.77
ETH,Feb 19 2017,12.82
ETH,Feb 18 2017,12.71
ETH,Feb 17 2017,12.90
ETH,Feb 16 2017,12.92
ETH,Feb 15 2017,13.04
ETH,Feb 14 2017,11.29
ETH,Feb 13 2017,11.38
ETH,Feb 12 2017,11.35
ETH,Feb 11 2017,11.29
ETH,Feb 10 2017,11.05
ETH,Feb 09 2017,11.44
ETH,Feb 08 2017,11.54
ETH,Feb 07 2017,11.43
ETH,Feb 06 2017,11.35
ETH,Feb 05 2017,11.44
ETH,Feb 04 2017,11.13
ETH,Feb 03 2017,10.81
ETH,Feb 02 2017,10.74
ETH,Feb 01 2017,10.74
ETH,Jan 31 2017,10.56
ETH,Jan 30 2017,10.49
ETH,Jan 29 2017,10.56
ETH,Jan 28 2017,10.54
ETH,Jan 27 2017,10.58
ETH,Jan 26 2017,10.57
ETH,Jan 25 2017,10.62
ETH,Jan 24 2017,10.73
ETH,Jan 23 2017,10.71
ETH,Jan 22 2017,10.91
ETH,Jan 21 2017,10.60
ETH,Jan 20 2017,10.39
ETH,Jan 19 2017,10.24
ETH,Jan 18 2017,10.30
ETH,Jan 17 2017,9.64
ETH,Jan 16 2017,9.88
ETH,Jan 15 2017,9.83
ETH,Jan 14 2017,9.79
ETH,Jan 13 2017,9.83
ETH,Jan 12 2017,9.72
ETH,Jan 11 2017,10.54
ETH,Jan 10 2017,10.37
ETH,Jan 09 2017,10.31
ETH,Jan 08 2017,9.87
ETH,Jan 07 2017,10.24
ETH,Jan 06 2017,10.29
ETH,Jan 05 2017,11.29
ETH,Jan 04 2017,9.71
ETH,Jan 03 2017,8.37
ETH,Jan 02 2017,8.17
ETH,Jan 01 2017,7.98
ETH,Dec 31 2016,8.15
ETH,Dec 30 2016,8.29
ETH,Dec 29 2016,7.54
ETH,Dec 28 2016,7.15
ETH,Dec 27 2016,7.28
ETH,Dec 26 2016,7.13
ETH,Dec 25 2016,7.26
ETH,Dec 24 2016,7.15
ETH,Dec 23 2016,7.58
ETH,Dec 22 2016,7.90
ETH,Dec 21 2016,7.66
ETH,Dec 20 2016,7.63
ETH,Dec 19 2016,7.87
ETH,Dec 18 2016,7.86
ETH,Dec 17 2016,7.86
ETH,Dec 16 2016,7.86
ETH,Dec 15 2016,8.24
ETH,Dec 14 2016,8.45
ETH,Dec 13 2016,8.52
ETH,Dec 12 2016,8.19
ETH,Dec 11 2016,8.13
ETH,Dec 10 2016,8.44
ETH,Dec 09 2016,8.17
ETH,Dec 08 2016,8.38
ETH,Dec 07 2016,7.89
ETH,Dec 06 2016,6.80
ETH,Dec 05 2016,7.41
ETH,Dec 04 2016,7.90
ETH,Dec 03 2016,7.77
ETH,Dec 02 2016,8.46
ETH,Dec 01 2016,8.60
ETH,Nov 30 2016,8.16
ETH,Nov 29 2016,8.73
ETH,Nov 28 2016,9.00
ETH,Nov 27 2016,9.31
ETH,Nov 26 2016,9.42
ETH,Nov 25 2016,9.23
ETH,Nov 24 2016,9.85
ETH,Nov 23 2016,9.92
ETH,Nov 22 2016,9.63
ETH,Nov 21 2016,9.58
ETH,Nov 20 2016,9.66
ETH,Nov 19 2016,9.48
ETH,Nov 18 2016,9.99
ETH,Nov 17 2016,10.06
ETH,Nov 16 2016,10.22
ETH,Nov 15 2016,9.97
ETH,Nov 14 2016,10.10
ETH,Nov 13 2016,9.89
ETH,Nov 12 2016,10.29
ETH,Nov 11 2016,10.51
ETH,Nov 10 2016,10.67
ETH,Nov 09 2016,10.82
ETH,Nov 08 2016,10.85
ETH,Nov 07 2016,10.90
ETH,Nov 06 2016,10.99
ETH,Nov 05 2016,11.09
ETH,Nov 04 2016,10.82
ETH,Nov 03 2016,10.80
ETH,Nov 02 2016,10.77
ETH,Nov 01 2016,10.96
ETH,Oct 31 2016,11.23
ETH,Oct 30 2016,10.43
ETH,Oct 29 2016,11.10
ETH,Oct 28 2016,11.47
ETH,Oct 27 2016,11.53
ETH,Oct 26 2016,11.38
ETH,Oct 25 2016,11.97
ETH,Oct 24 2016,12.04
ETH,Oct 23 2016,12.13
ETH,Oct 22 2016,12.18
ETH,Oct 21 2016,12.13
ETH,Oct 20 2016,12.05
ETH,Oct 19 2016,12.59
ETH,Oct 18 2016,12.00
ETH,Oct 17 2016,11.96
ETH,Oct 16 2016,11.98
ETH,Oct 15 2016,11.94
ETH,Oct 14 2016,11.99
ETH,Oct 13 2016,11.91
ETH,Oct 12 2016,11.78
ETH,Oct 11 2016,11.76
ETH,Oct 10 2016,12.06
ETH,Oct 09 2016,12.22
ETH,Oct 08 2016,12.67
ETH,Oct 07 2016,12.85
ETH,Oct 06 2016,13.03
ETH,Oct 05 2016,13.28
ETH,Oct 04 2016,13.45
ETH,Oct 03 2016,13.20
ETH,Oct 02 2016,13.18
ETH,Oct 01 2016,13.20
ETH,Sep 30 2016,13.08
ETH,Sep 29 2016,13.28
ETH,Sep 28 2016,13.11
ETH,Sep 27 2016,12.86
ETH,Sep 26 2016,13.17
ETH,Sep 25 2016,12.85
ETH,Sep 24 2016,13.32
ETH,Sep 23 2016,13.21
ETH,Sep 22 2016,13.66
ETH,Sep 21 2016,14.43
ETH,Sep 20 2016,13.21
ETH,Sep 19 2016,12.44
ETH,Sep 18 2016,12.69
ETH,Sep 17 2016,12.56
ETH,Sep 16 2016,11.96
ETH,Sep 15 2016,11.94
ETH,Sep 14 2016,11.90
ETH,Sep 13 2016,11.89
ETH,Sep 12 2016,11.64
ETH,Sep 11 2016,12.21
ETH,Sep 10 2016,11.66
ETH,Sep 09 2016,11.41
ETH,Sep 08 2016,11.55
ETH,Sep 07 2016,11.69
ETH,Sep 06 2016,11.73
ETH,Sep 05 2016,11.68
ETH,Sep 04 2016,11.75
ETH,Sep 03 2016,12.11
ETH,Sep 02 2016,11.96
ETH,Sep 01 2016,11.67
ETH,Aug 31 2016,11.24
ETH,Aug 30 2016,10.99
ETH,Aug 29 2016,10.92
ETH,Aug 28 2016,11.15
ETH,Aug 27 2016,11.29
ETH,Aug 26 2016,11.35
ETH,Aug 25 2016,11.03
ETH,Aug 24 2016,11.02
ETH,Aug 23 2016,11.14
ETH,Aug 22 2016,11.19
ETH,Aug 21 2016,11.25
ETH,Aug 20 2016,10.75
ETH,Aug 19 2016,10.75
ETH,Aug 18 2016,10.75
ETH,Aug 17 2016,11.13
ETH,Aug 16 2016,11.23
ETH,Aug 15 2016,11.20
ETH,Aug 14 2016,11.58
ETH,Aug 13 2016,11.77
ETH,Aug 12 2016,11.69
ETH,Aug 11 2016,12.14
ETH,Aug 10 2016,12.23
ETH,Aug 09 2016,11.27
ETH,Aug 08 2016,10.91
ETH,Aug 07 2016,10.86
ETH,Aug 06 2016,10.92
ETH,Aug 05 2016,11.02
ETH,Aug 04 2016,10.31
ETH,Aug 03 2016,8.88
ETH,Aug 02 2016,10.95
ETH,Aug 01 2016,11.89
ETH,Jul 31 2016,12.44
ETH,Jul 30 2016,12.80
ETH,Jul 29 2016,12.84
ETH,Jul 28 2016,12.98
ETH,Jul 27 2016,12.05
ETH,Jul 26 2016,13.82
ETH,Jul 25 2016,12.74
ETH,Jul 24 2016,14.30
ETH,Jul 23 2016,14.67
ETH,Jul 22 2016,12.66
ETH,Jul 21 2016,12.46
ETH,Jul 20 2016,11.59
ETH,Jul 19 2016,11.05
ETH,Jul 18 2016,11.17
ETH,Jul 17 2016,11.62
ETH,Jul 16 2016,11.92
ETH,Jul 15 2016,11.50
ETH,Jul 14 2016,10.60
ETH,Jul 13 2016,10.51
ETH,Jul 12 2016,10.45
ETH,Jul 11 2016,10.94
ETH,Jul 10 2016,10.96
ETH,Jul 09 2016,11.42
ETH,Jul 08 2016,10.12
ETH,Jul 07 2016,10.54
ETH,Jul 06 2016,10.58
ETH,Jul 05 2016,11.46
ETH,Jul 04 2016,11.70
ETH,Jul 03 2016,12.12
ETH,Jul 02 2016,12.22
ETH,Jul 01 2016,12.44
ETH,Jun 30 2016,12.60
ETH,Jun 29 2016,12.17
ETH,Jun 28 2016,13.93
ETH,Jun 27 2016,13.81
ETH,Jun 26 2016,14.26
ETH,Jun 25 2016,14.30
ETH,Jun 24 2016,13.68
ETH,Jun 23 2016,13.22
ETH,Jun 22 2016,13.20
ETH,Jun 21 2016,11.82
ETH,Jun 20 2016,12.24
ETH,Jun 19 2016,11.17
ETH,Jun 18 2016,15.38
ETH,Jun 17 2016,20.65
ETH,Jun 16 2016,18.36
ETH,Jun 15 2016,18.91
ETH,Jun 14 2016,17.61
ETH,Jun 13 2016,15.77
ETH,Jun 12 2016,14.19
ETH,Jun 11 2016,13.91
ETH,Jun 10 2016,14.38
ETH,Jun 09 2016,14.43
ETH,Jun 08 2016,14.51
ETH,Jun 07 2016,13.95
ETH,Jun 06 2016,14.00
ETH,Jun 05 2016,13.76
ETH,Jun 04 2016,13.86
ETH,Jun 03 2016,13.74
ETH,Jun 02 2016,13.99
ETH,Jun 01 2016,14.11
ETH,May 31 2016,12.74
ETH,May 30 2016,12.33
ETH,May 29 2016,12.11
ETH,May 28 2016,11.33
ETH,May 27 2016,12.39
ETH,May 26 2016,12.52
ETH,May 25 2016,12.79
ETH,May 24 2016,13.31
ETH,May 23 2016,14.28
ETH,May 22 2016,14.04
ETH,May 21 2016,13.69
ETH,May 20 2016,14.85
ETH,May 19 2016,13.54
ETH,May 18 2016,12.18
ETH,May 17 2016,11.19
ETH,May 16 2016,9.97
ETH,May 15 2016,10.24
ETH,May 14 2016,10.51
ETH,May 13 2016,10.06
ETH,May 12 2016,10.00
ETH,May 11 2016,9.43
ETH,May 10 2016,9.28
ETH,May 09 2016,9.49
ETH,May 08 2016,9.37
ETH,May 07 2016,9.32
ETH,May 06 2016,9.81
ETH,May 05 2016,9.40
ETH,May 04 2016,9.38
ETH,May 03 2016,10.17
ETH,May 02 2016,8.89
ETH,May 01 2016,8.78
ETH,Apr 30 2016,7.45
ETH,Apr 29 2016,7.21
ETH,Apr 28 2016,7.74
ETH,Apr 27 2016,7.39
ETH,Apr 26 2016,7.53
ETH,Apr 25 2016,8.01
ETH,Apr 24 2016,8.29
ETH,Apr 23 2016,7.79
ETH,Apr 22 2016,8.15
ETH,Apr 21 2016,8.45
ETH,Apr 20 2016,8.69
ETH,Apr 19 2016,9.08
ETH,Apr 18 2016,9.33
ETH,Apr 17 2016,8.62
ETH,Apr 16 2016,8.24
ETH,Apr 15 2016,8.39
ETH,Apr 14 2016,8.08
ETH,Apr 13 2016,7.44
ETH,Apr 12 2016,8.64
ETH,Apr 11 2016,8.94
ETH,Apr 10 2016,9.15
ETH,Apr 09 2016,9.69
ETH,Apr 08 2016,10.08
ETH,Apr 07 2016,10.70
ETH,Apr 06 2016,10.45
ETH,Apr 05 2016,11.21
ETH,Apr 04 2016,11.62
ETH,Apr 03 2016,11.63
ETH,Apr 02 2016,11.63
ETH,Apr 01 2016,11.40
ETH,Mar 31 2016,11.92
ETH,Mar 30 2016,11.61
ETH,Mar 29 2016,11.75
ETH,Mar 28 2016,10.43
ETH,Mar 27 2016,10.99
ETH,Mar 26 2016,10.77
ETH,Mar 25 2016,11.26
ETH,Mar 24 2016,12.44
ETH,Mar 23 2016,11.33
ETH,Mar 22 2016,11.88
ETH,Mar 21 2016,10.30
ETH,Mar 20 2016,10.52
ETH,Mar 19 2016,11.20
ETH,Mar 18 2016,11.11
ETH,Mar 17 2016,12.56
ETH,Mar 16 2016,13.02
ETH,Mar 15 2016,13.00
ETH,Mar 14 2016,14.51
ETH,Mar 13 2016,13.51
ETH,Mar 12 2016,11.13
ETH,Mar 11 2016,11.22
ETH,Mar 10 2016,11.88
ETH,Mar 09 2016,9.79
ETH,Mar 08 2016,9.58
ETH,Mar 07 2016,11.43
ETH,Mar 06 2016,11.20
ETH,Mar 05 2016,10.37
ETH,Mar 04 2016,9.24
ETH,Mar 03 2016,8.44
ETH,Mar 02 2016,7.63
ETH,Mar 01 2016,6.32
ETH,Feb 29 2016,6.46
ETH,Feb 28 2016,6.41
ETH,Feb 27 2016,5.96
ETH,Feb 26 2016,6.04
ETH,Feb 25 2016,6.19
ETH,Feb 24 2016,5.60
ETH,Feb 23 2016,5.68
ETH,Feb 22 2016,4.66
ETH,Feb 21 2016,4.36
ETH,Feb 20 2016,4.68
ETH,Feb 19 2016,4.38
ETH,Feb 18 2016,3.77
ETH,Feb 17 2016,4.29
ETH,Feb 16 2016,5.33
ETH,Feb 15 2016,5.33
ETH,Feb 14 2016,5.40
ETH,Feb 13 2016,5.69
ETH,Feb 12 2016,5.95
ETH,Feb 11 2016,4.50
ETH,Feb 10 2016,4.00
ETH,Feb 09 2016,3.17
ETH,Feb 08 2016,2.97
ETH,Feb 07 2016,2.54
ETH,Feb 06 2016,2.53
ETH,Feb 05 2016,2.57
ETH,Feb 04 2016,2.53
ETH,Feb 03 2016,2.43
ETH,Feb 02 2016,2.22
ETH,Feb 01 2016,2.32
ETH,Jan 31 2016,2.44
ETH,Jan 30 2016,2.51
ETH,Jan 29 2016,2.54
ETH,Jan 28 2016,2.41
ETH,Jan 27 2016,2.25
ETH,Jan 26 2016,2.53
ETH,Jan 25 2016,2.15
ETH,Jan 24 2016,1.90
ETH,Jan 23 2016,1.50
ETH,Jan 22 2016,1.55
ETH,Jan 21 2016,1.53
ETH,Jan 20 2016,1.36
ETH,Jan 19 2016,1.42
ETH,Jan 18 2016,1.33
ETH,Jan 17 2016,1.22
ETH,Jan 16 2016,1.22
ETH,Jan 15 2016,1.18
ETH,Jan 14 2016,1.12
ETH,Jan 13 2016,1.14
ETH,Jan 12 2016,1.07
ETH,Jan 11 2016,0.999216
ETH,Jan 10 2016,0.985557
ETH,Jan 09 2016,0.985501
ETH,Jan 08 2016,0.942752
ETH,Jan 07 2016,0.955801
ETH,Jan 06 2016,0.950028
ETH,Jan 05 2016,0.953147
ETH,Jan 04 2016,0.972045
ETH,Jan 03 2016,0.938430
ETH,Jan 02 2016,0.947401
ETH,Jan 01 2016,0.933712
ETH,Dec 31 2015,0.912098
ETH,Dec 30 2015,0.874258
ETH,Dec 29 2015,0.843835
ETH,Dec 28 2015,0.856356
ETH,Dec 27 2015,0.853166
ETH,Dec 26 2015,0.870766
ETH,Dec 25 2015,0.861993
ETH,Dec 24 2015,0.859433
ETH,Dec 23 2015,0.861782
ETH,Dec 22 2015,0.894973
ETH,Dec 21 2015,0.906065
ETH,Dec 20 2015,0.908240
ETH,Dec 19 2015,0.921524
ETH,Dec 18 2015,0.938327
ETH,Dec 17 2015,0.993043
ETH,Dec 16 2015,1.02
ETH,Dec 15 2015,0.990589
ETH,Dec 14 2015,0.956620
ETH,Dec 13 2015,0.971538
ETH,Dec 12 2015,0.931196
ETH,Dec 11 2015,0.839995
ETH,Dec 10 2015,0.795590
ETH,Dec 09 2015,0.824454
ETH,Dec 08 2015,0.806024
ETH,Dec 07 2015,0.836322
ETH,Dec 06 2015,0.866417
ETH,Dec 05 2015,0.841195
ETH,Dec 04 2015,0.812082
ETH,Dec 03 2015,0.818546
ETH,Dec 02 2015,0.873171
ETH,Dec 01 2015,0.878316
ETH,Nov 30 2015,0.879951
ETH,Nov 29 2015,0.914144
ETH,Nov 28 2015,0.868102
ETH,Nov 27 2015,0.882100
ETH,Nov 26 2015,0.863273
ETH,Nov 25 2015,0.893827
ETH,Nov 24 2015,0.946442
ETH,Nov 23 2015,0.967493
ETH,Nov 22 2015,0.979765
ETH,Nov 21 2015,0.928758
ETH,Nov 20 2015,0.955735
ETH,Nov 19 2015,0.988713
ETH,Nov 18 2015,0.993214
ETH,Nov 17 2015,0.924948
ETH,Nov 16 2015,0.906166
ETH,Nov 15 2015,0.891217
ETH,Nov 14 2015,0.905469
ETH,Nov 13 2015,0.907722
ETH,Nov 12 2015,0.796455
ETH,Nov 11 2015,0.941296
ETH,Nov 10 2015,1.00
ETH,Nov 09 2015,1.03
ETH,Nov 08 2015,0.915661
ETH,Nov 07 2015,0.923732
ETH,Nov 06 2015,0.904772
ETH,Nov 05 2015,0.900699
ETH,Nov 04 2015,1.01
ETH,Nov 03 2015,0.994568
ETH,Nov 02 2015,1.06
ETH,Nov 01 2015,0.920847
ETH,Oct 31 2015,1.05
ETH,Oct 30 2015,1.21
ETH,Oct 29 2015,1.01
ETH,Oct 28 2015,0.870938
ETH,Oct 27 2015,0.708890
ETH,Oct 26 2015,0.619743
ETH,Oct 25 2015,0.563207
ETH,Oct 24 2015,0.539681
ETH,Oct 23 2015,0.566370
ETH,Oct 22 2015,0.444988
ETH,Oct 21 2015,0.431589
ETH,Oct 20 2015,0.489629
ETH,Oct 19 2015,0.517621
ETH,Oct 18 2015,0.547913
ETH,Oct 17 2015,0.534117
ETH,Oct 16 2015,0.562593
ETH,Oct 15 2015,0.523278
ETH,Oct 14 2015,0.612240
ETH,Oct 13 2015,0.627943
ETH,Oct 12 2015,0.634515
ETH,Oct 11 2015,0.627461
ETH,Oct 10 2015,0.641187
ETH,Oct 09 2015,0.655084
ETH,Oct 08 2015,0.609501
ETH,Oct 07 2015,0.650515
ETH,Oct 06 2015,0.622218
ETH,Oct 05 2015,0.666784
ETH,Oct 04 2015,0.686343
ETH,Oct 03 2015,0.678783
ETH,Oct 02 2015,0.683732
ETH,Oct 01 2015,0.734307
ETH,Sep 30 2015,0.661192
ETH,Sep 29 2015,0.579414
ETH,Sep 28 2015,0.723715
ETH,Sep 27 2015,0.791277
ETH,Sep 26 2015,0.737630
ETH,Sep 25 2015,0.820031
ETH,Sep 24 2015,0.896796
ETH,Sep 23 2015,0.903560
ETH,Sep 22 2015,0.919337
ETH,Sep 21 2015,0.941496
ETH,Sep 20 2015,0.881191
ETH,Sep 19 2015,0.849603
ETH,Sep 18 2015,0.874574
ETH,Sep 17 2015,0.906865
ETH,Sep 16 2015,0.941977
ETH,Sep 15 2015,0.875189
ETH,Sep 14 2015,0.940566
ETH,Sep 13 2015,1.04
ETH,Sep 12 2015,0.987228
ETH,Sep 11 2015,1.16
ETH,Sep 10 2015,1.21
ETH,Sep 09 2015,1.24
ETH,Sep 08 2015,1.25
ETH,Sep 07 2015,1.30
ETH,Sep 06 2015,1.34
ETH,Sep 05 2015,1.28
ETH,Sep 04 2015,1.26
ETH,Sep 03 2015,1.30
ETH,Sep 02 2015,1.35
ETH,Sep 01 2015,1.35
ETH,Aug 31 2015,1.32
ETH,Aug 30 2015,1.18
ETH,Aug 29 2015,1.19
ETH,Aug 28 2015,1.15
ETH,Aug 27 2015,1.17
ETH,Aug 26 2015,1.13
ETH,Aug 25 2015,1.23
ETH,Aug 24 2015,1.35
ETH,Aug 23 2015,1.38
ETH,Aug 22 2015,1.40
ETH,Aug 21 2015,1.48
ETH,Aug 20 2015,1.25
ETH,Aug 19 2015,1.17
ETH,Aug 18 2015,1.22
ETH,Aug 17 2015,1.58
ETH,Aug 16 2015,1.68
ETH,Aug 15 2015,1.80
ETH,Aug 14 2015,1.81
ETH,Aug 13 2015,1.22
ETH,Aug 12 2015,1.06
ETH,Aug 11 2015,0.708087
ETH,Aug 10 2015,0.713989
ETH,Aug 09 2015,0.706136
ETH,Aug 08 2015,2.79
ETH,Aug 07 2015,2.83
